CODIGO,AÃ‘O,DIA,ENE,FEB,MAR,ABR,MAY,JUN,JUL,AGO,SEP,OCT,NOV
2401519,1966,1,0,0,0,0,0,"19,5","2,3",0,"13,5","23,4","0,5"
2401519,1966,2,0,0,"0,2",0,0,"19,9",0,"0,2","6,4",0,"4,5"
2401519,1966,3,0,0,"1,6",0,0,0,0,"0,8","0,5","0,9","3,6"
2401519,1966,4,0,0,"1,8",0,"1,5",0,0,"2,8",0,0,0
2401519,1966,5,0,"0,3",0,0,0,0,0,"0,2",0,"0,4","13,4"
2401519,1966,6,0,"14,4","7,1",0,"1,6",0,"1,9","1,4",0,15,"6,5"
2401519,1966,7,0,0,"0,1",0,0,0,0,"0,8",0,0,"1,9"
2401519,1966,8,0,"3,3",0,"0,5",0,"0,1",0,"0,5","1,8",0,"2,1"
2401519,1966,9,0,0,"2,2","6,8",0,0,"0,5",0,0,0,"5,5"
2401519,1966,10,0,0,0,"8,5","4,7",0,0,0,"1,1",0,"0,1"
2401519,1966,11,0,"0,2","0,1","0,4",0,0,"12,9",0,0,"0,4","2,3"
2401519,1966,12,"1,2","0,3",0,"0,8",0,"0,1","1,5","1,8","0,2","30,4","4,2"
2401519,1966,13,"0,2",0,0,"7,2",0,"0,6",0,"0,1",0,0,0
2401519,1966,14,0,0,0,0,0,"1,9","1,6",9,"5,1",0,"0,3"
2401519,1966,15,0,"0,1",0,"2,1","0,1","3,8","9,2","1,9","11,9",0,0
2401519,1966,16,0,0,"1,8","0,2","4,5","0,4","0,4","0,7","1,3",0,"0,9"
2401519,1966,17,"0,5",0,"0,7",0,1,"0,6",0,"17,4","6,6","31,2","1,9"
2401519,1966,18,0,0,0,"4,4",5,0,"0,3","0,2",0,0,"3,6"
2401519,1966,19,0,0,0,0,"0,5",0,3,0,"40,4","8,1","5,8"
2401519,1966,20,0,0,"0,3",0,0,"4,1",0,0,0,"0,6",0
2401519,1966,21,0,0,"7,3","4,2",3,0,0,"1,3","0,8",0,"5,5"
2401519,1966,22,"0,8",0,0,"0,2","0,8",0,0,0,"1,5","0,5",0
2401519,1966,23,0,0,0,0,3,0,0,0,0,"3,9","8,9"
2401519,1966,24,0,0,0,0,4,"20,9","3,4",0,0,0,0
2401519,1966,25,0,0,"0,2",0,"1,1",0,0,"2,8",0,0,0
2401519,1966,26,0,0,"0,3","0,2","0,9",0,0,0,0,"1,4","16,8"
2401519,1966,27,0,0,"3,2",0,"0,2",0,0,0,1,2,"2,3"
2401519,1966,28,0,0,0,0,0,"0,3","0,5","0,6",0,"0,1",0
2401519,1966,29,0,,4,0,"4,6","2,2","6,2",0,0,0,"0,7"
2401519,1966,30,0,,7,"0,6","1,7","8,2","0,4",0,"3,3",0,"0,8"
2401519,1966,31,0,,"0,2",,0,,"0,2","14,1",,"0,1",
,,,,,,,,,,,,,
2401519,1967,1,0,"0,6",0,"2,3",6,"12,9",0,0,"1,2","11,9",0
2401519,1967,2,"0,1","0,2",0,0,2,"4,4",0,"0,5",0,0,0
2401519,1967,3,0,"0,6","2,9",0,2,"0,2",0,0,"4,9",0,"10,3"
2401519,1967,4,0,"7,5",0,0,0,"6,8","0,3",1,"0,5",0,"0,2"
2401519,1967,5,0,"6,1",0,"0,1",0,"5,1",1,0,0,0,"3,4"
2401519,1967,6,0,3,0,0,0,"9,5","0,1",0,0,"0,2","0,1"
2401519,1967,7,0,"0,4","2,6",0,0,"15,9","1,4","0,1",0,0,"0,2"
2401519,1967,8,0,"0,1",0,0,3,"8,5","1,1","0,1","0,6","0,8","8,6"
2401519,1967,9,0,0,0,0,1,"0,3",0,0,0,7,"14,7"
2401519,1967,10,0,0,0,0,3,0,0,"1,6","0,3","8,4",0
2401519,1967,11,0,0,2,1,0,"1,9","0,4","1,7","0,3","0,1",0
2401519,1967,12,0,0,"1,2",0,3,"1,1","0,3","0,3",0,0,2
2401519,1967,13,0,6,0,5,13,0,0,0,"0,1",0,"15,8"
2401519,1967,14,"0,2",0,0,12,0,"0,2","0,1",0,0,0,0
2401519,1967,15,"1,8",1,"0,4",9,0,0,4,"1,5",0,0,"1,3"
2401519,1967,16,0,0,"10,6",0,0,0,0,"3,5","3,6",0,0
2401519,1967,17,0,0,"0,2",2,4,"0,9","0,2","1,7","0,7",0,0
2401519,1967,18,0,0,0,3,"4,4","0,3","5,5",0,"3,5",0,"3,9"
2401519,1967,19,0,0,0,8,"16,1",1,6,0,0,"0,7","10,5"
2401519,1967,20,0,0,0,6,0,"0,1",0,0,"1,5","0,1","3,9"
2401519,1967,21,0,"0,8",0,0,"6,7","1,7",0,0,0,0,0
2401519,1967,22,0,0,"2,2",0,"3,1","1,1","0,2","3,5",0,0,0
2401519,1967,23,0,"2,4","7,1",14,0,"2,4","1,5","0,1",0,0,0
2401519,1967,24,"0,1",0,0,6,0,"1,8",4,"0,2",0,0,20
2401519,1967,25,"0,2",0,"0,3",0,0,"1,2",0,"0,5",0,0,"0,1"
2401519,1967,26,"0,8","6,4",0,25,"0,6","0,8","0,2","0,2",0,"0,1",9
2401519,1967,27,"0,7",0,"6,5",1,"0,1","1,7","3,9",0,"0,4","14,9",1
2401519,1967,28,0,0,"7,6",0,"0,2","0,2",0,0,"0,9",9,0
2401519,1967,29,4,,"9,6",11,"1,5","3,7","1,8",0,"6,2",1,"0,6"
2401519,1967,30,"30,5",,"5,9",5,"3,9","4,4","0,6",1,"8,2","0,4","1,1"
2401519,1967,31,"3,9",,"0,2",,"0,1",,"0,2","2,1",,"0,2",
,,,,,,,,,,,,,
2401519,1968,1,0,"21,7","0,6","1,1","0,7","15,3",0,"0,1","1,1",0,0
2401519,1968,2,"0,2","0,1","0,3",0,0,"15,5","1,8","2,6","10,7",0,0
2401519,1968,3,0,0,"0,4","0,1","0,2","0,2","0,9","0,3","1,3",0,"0,4"
2401519,1968,4,0,0,0,0,0,"0,5","0,1","1,5",0,0,0
2401519,1968,5,0,0,0,"0,1",0,"23,7","3,9","4,7",0,0,0
2401519,1968,6,0,0,0,0,"0,4","3,3","0,7",0,0,"4,1",0
2401519,1968,7,0,0,"0,1","1,1","4,7","2,3","0,2",0,"0,3","0,4",0
2401519,1968,8,0,0,0,"1,4","5,2",0,"3,3",0,"1,2",0,0
2401519,1968,9,0,2,"0,1",23,"7,5",0,"0,5",0,0,"10,5",0
2401519,1968,10,0,"0,1","8,2","1,6","0,2","0,1","2,7","0,2",0,"3,9","0,7"
2401519,1968,11,0,0,11,"9,8",0,0,0,0,"2,7","11,5",7
2401519,1968,12,0,0,0,"2,2",0,"0,5",1,0,"0,1",0,"15,3"
2401519,1968,13,0,0,0,17,0,0,"0,6",0,0,0,"3,3"
2401519,1968,14,0,0,0,"0,1","1,4",0,"2,6",0,0,"19,1","1,1"
2401519,1968,15,0,0,"24,8","19,9","4,4","1,8","0,4",0,0,"1,1",0
2401519,1968,16,0,"0,9","10,8",0,0,"0,3","2,4",0,"4,5","3,6",1
2401519,1968,17,0,"0,1",0,"9,1",13,"0,3",1,0,0,0,"38,7"
2401519,1968,18,0,0,0,1,12,"3,2","0,4",0,"0,5","17,3",5
2401519,1968,19,0,"3,9",0,"0,9",3,0,"0,4",0,0,"8,1","13,8"
2401519,1968,20,"8,4","0,1",0,0,0,"0,1","0,3","0,4",0,"0,2",2
2401519,1968,21,0,0,0,"9,4",0,"2,1","0,5","0,1","0,6",0,"3,3"
2401519,1968,22,0,0,0,"0,6",0,"3,2","0,2",0,"0,2","1,8",0
2401519,1968,23,"3,6","0,2",0,"12,5","0,1","3,8",0,"0,8",0,0,"0,4"
2401519,1968,24,"0,1",0,0,"13,2","0,1","0,2",0,"0,1",0,0,"2,5"
2401519,1968,25,0,0,0,"13,7","0,6","1,3",0,"1,6",0,"6,7","1,1"
2401519,1968,26,0,0,0,"3,1","27,5",0,"2,3","0,4",0,"7,8",0
2401519,1968,27,0,"0,8",0,"1,3","0,9","3,4","3,7",0,"7,1",3,"4,2"
2401519,1968,28,"0,8","3,6",0,0,0,"2,2","0,4","2,7","12,5","2,5","0,1"
2401519,1968,29,"0,2","2,3","0,2",0,0,"0,2","0,4",0,"7,1",0,"0,2"
2401519,1968,30,"0,4",,0,"0,2","0,4","0,2","1,1",1,0,"0,2",0
2401519,1968,31,"0,4",,0,,0,,"1,5","5,2",,0,
,,,,,,,,,,,,,
2401519,1969,1,"14,6",0,0,0,"8,3",18,"0,3","0,3",0,"9,2",0
2401519,1969,2,0,"0,7","6,6","0,3","2,2","0,6","0,5","0,5",0,"13,8",0
2401519,1969,3,0,"1,3",0,0,"0,1","0,2",0,0,0,"0,4",0
2401519,1969,4,0,"23,4","0,5","0,5","0,9",0,0,"0,1",0,"10,2","5,9"
2401519,1969,5,0,"20,7",0,"0,1","0,4","0,4","0,6","0,1",0,"1,4","1,6"
2401519,1969,6,0,0,0,"11,6","0,1","2,7",0,"0,9",0,"4,7",0
2401519,1969,7,0,"1,5",0,13,0,0,5,0,0,"11,1",0
2401519,1969,8,0,0,0,1,"0,4",1,0,0,0,"2,3","5,9"
2401519,1969,9,0,0,"0,1","12,1","16,8","4,8",0,"0,4",0,0,0
2401519,1969,10,0,"0,8",0,"0,2","10,6",0,1,0,"0,1",0,0
2401519,1969,11,0,0,0,"9,7","0,2",0,0,"0,1",0,"9,1",0
2401519,1969,12,"4,9","0,5","37,5","0,9",0,0,0,0,0,"2,6",0
2401519,1969,13,0,0,0,22,"0,8",0,0,0,0,"0,5",0
2401519,1969,14,"3,9",0,0,9,"4,8",0,0,"0,8",0,0,0
2401519,1969,15,"1,4",0,0,"20,8","59,6",0,1,"0,5",0,"2,5",0
2401519,1969,16,"3,8",0,0,8,"0,4","0,8",0,"0,9",0,"0,2",0
2401519,1969,17,10,0,0,"6,2","0,6",14,0,0,0,0,0
2401519,1969,18,"17,3",0,0,"13,3","0,1",0,0,0,"4,8",1,"10,1"
2401519,1969,19,"0,7",0,0,"3,2",0,0,"1,2","1,2","0,4","0,2","4,3"
2401519,1969,20,"0,2",0,0,0,"0,3","8,2","0,8",0,0,0,"1,7"
2401519,1969,21,"0,1",0,0,0,"0,5","0,7","0,1","0,2",0,"9,5",0
2401519,1969,22,0,"0,2",0,"0,9","0,6",0,"0,5",0,0,"1,3",0
2401519,1969,23,0,0,0,0,"1,9","0,2","0,2","1,2","0,3","13,8","3,9"
2401519,1969,24,0,"12,8",0,"15,5",0,"4,3","0,5","0,6","0,1","1,4","2,5"
2401519,1969,25,0,0,"5,9","1,8",0,"0,5",0,0,"1,4","2,5",0
2401519,1969,26,"0,5","20,2",0,0,"0,8","0,1",0,"3,3",0,"0,4",0
2401519,1969,27,0,0,4,0,"2,7","0,3",0,"1,5",25,0,"0,3"
2401519,1969,28,0,0,0,1,4,0,"1,8",0,"9,2",0,"10,2"
2401519,1969,29,0,,"0,5",0,"0,5","0,4","0,4",0,"8,8","0,3",0
2401519,1969,30,0,,"0,2","0,5",0,"0,2",0,0,34,0,0
2401519,1969,31,0,,0,,0,,"0,3",0,,0,
,,,,,,,,,,,,,
2401519,1970,1,0,0,0,0,0,"0,6",0,"0,6",0,"3,4","16,2"
2401519,1970,2,0,"0,4",0,0,0,"0,3","0,9",0,"1,8","7,2",0
2401519,1970,3,"0,4",0,0,0,0,"0,6",0,"0,1","2,3","4,7","6,9"
2401519,1970,4,"0,1",0,"3,3",0,"1,6",0,"0,1","0,8",0,"10,5",0
2401519,1970,5,0,1,0,0,"4,4","3,5",0,0,0,32,"3,6"
2401519,1970,6,"0,1",0,"0,2","0,1","4,7","0,1","0,2","6,6","0,6","2,5","2,4"
2401519,1970,7,"0,5",0,"5,4",1,"5,6","2,4","7,9","0,1","1,1",0,"32,3"
2401519,1970,8,"0,2",0,0,"1,6","2,6","1,4","0,2","0,2","1,4","1,4","1,1"
2401519,1970,9,"0,8","1,4","0,1",3,"0,1","0,7","0,2",0,0,"1,2","0,1"
2401519,1970,10,"1,3","0,7",0,24,0,"2,6","0,5","0,1","0,2",0,0
2401519,1970,11,0,"0,1","0,5","0,4",2,"2,2","0,2",0,0,"0,1","1,1"
2401519,1970,12,"1,8","0,4",0,"0,3","1,3","8,5","0,1",0,0,"0,2","0,1"
2401519,1970,13,0,"7,3",0,0,0,"1,3",0,"0,4",0,0,"9,1"
2401519,1970,14,"0,8","0,8",0,0,"0,8","3,3",0,2,"0,2",0,0
2401519,1970,15,"0,1",0,0,"8,1","0,3",0,"0,3",0,"0,1",0,"1,4"
2401519,1970,16,0,"3,7",0,"24,9","2,5","0,3","0,7",0,0,0,0
2401519,1970,17,0,"3,8",0,0,"2,4",0,0,0,0,0,0
2401519,1970,18,0,0,0,0,"8,8",0,0,"0,5",0,0,"1,1"
2401519,1970,19,0,0,0,0,"2,6",0,0,"1,7",0,0,0
2401519,1970,20,"2,8","0,3",0,"5,4","27,7",0,"29,8","1,2",0,0,0
2401519,1970,21,0,0,0,0,"0,8","1,1",0,0,"4,3","0,4",0
2401519,1970,22,0,0,0,0,"2,9",0,"2,2","0,1","33,2",0,1
2401519,1970,23,0,0,0,0,"0,7",0,0,"3,4","2,9","23,1",3
2401519,1970,24,0,"7,6",0,0,"13,1","1,8",0,"0,7","0,1",2,0
2401519,1970,25,0,0,"0,4",0,1,"5,3",0,0,0,"2,5","15,5"
2401519,1970,26,0,0,"0,8","1,7","2,8","0,2",0,8,"0,3",0,0
2401519,1970,27,0,0,0,"0,1",0,0,2,"0,6","0,2","19,8",1
2401519,1970,28,0,0,0,"0,5","6,9",0,0,0,"4,8",30,0
2401519,1970,29,"1,5",,0,"0,5",0,0,0,0,"4,1","0,8","19,8"
2401519,1970,30,"0,7",,0,0,"4,1","4,2","1,3",0,"1,6",0,0
2401519,1970,31,"4,7",,"2,4",,0,,"7,3",0,,"0,5",
,,,,,,,,,,,,,
2401519,1971,1,"0,7","7,5","2,2","0,1",12,0,0,0,0,"8,7","18,5"
2401519,1971,2,0,"7,5",0,"0,6","11,3","0,2","2,3",0,"0,2","12,4","0,1"
2401519,1971,3,0,0,"17,3","5,8",0,"0,5",0,"0,2","0,8","0,4","5,4"
2401519,1971,4,"0,2","4,1","0,3",0,"2,2","0,4","1,7","1,2",0,0,"12,3"
2401519,1971,5,4,"0,3",0,"3,5","13,8","4,6","0,8","3,2",0,"14,2",0
2401519,1971,6,18,0,0,0,"2,8","0,8",0,"1,3","15,3","1,1",0
2401519,1971,7,0,0,0,0,"0,2","0,2","0,4",0,3,"0,1",0
2401519,1971,8,"2,1",0,0,"1,1",0,0,0,1,"0,2",0,"0,9"
2401519,1971,9,"0,5",0,0,0,0,0,"1,3","0,1","5,8",0,"1,7"
2401519,1971,10,0,0,0,0,0,0,"5,1","1,4","0,2",17,"0,1"
2401519,1971,11,0,0,"14,2","0,4",0,0,"0,4","0,3",0,0,0
2401519,1971,12,0,0,0,0,0,"17,7",16,"0,5",8,0,0
2401519,1971,13,"0,9",0,0,8,0,"6,7","4,6",0,0,"0,6","3,5"
2401519,1971,14,"5,3",0,0,"22,2",0,"0,3","1,2",0,0,0,"5,4"
2401519,1971,15,"0,2",0,"0,2","15,7","4,5",0,0,"2,3",5,0,0
2401519,1971,16,"22,6",11,"1,9",5,0,0,0,0,0,"0,6","1,1"
2401519,1971,17,"1,2",0,"19,5","12,9","1,8","0,6","0,3",0,0,0,"2,2"
2401519,1971,18,"0,3","1,4","0,8","2,6","3,6","0,7","0,4",0,0,"13,7","0,1"
2401519,1971,19,"4,2",0,0,"7,1","1,4",0,0,0,0,"0,6","1,7"
2401519,1971,20,"1,8","1,1","2,7","4,1","0,1",0,1,"0,3","1,8",0,"1,5"
2401519,1971,21,0,0,"0,2",0,"9,4","0,8","0,3","1,2",0,"10,2","3,2"
2401519,1971,22,0,0,0,"2,3","7,8",1,"0,2",0,0,"4,5",0
2401519,1971,23,0,0,"9,1","0,5","5,6","0,4","0,3",10,"0,1","0,3","2,8"
2401519,1971,24,"0,7",0,"1,8",0,6,0,"1,1",0,0,0,"5,5"
2401519,1971,25,"1,2",0,4,0,30,"0,8","1,2","0,6","0,1",0,"7,2"
2401519,1971,26,0,0,"0,3","4,5","0,7","3,9","2,8","0,3",0,"2,2","0,4"
2401519,1971,27,"0,3","3,9","0,2","26,5",0,"3,5",0,0,0,"23,6","8,1"
2401519,1971,28,0,"0,3","15,2","3,7",0,0,0,"0,7","0,3","0,1","3,9"
2401519,1971,29,0,,"0,1",0,"0,5",2,0,"0,4",0,0,"1,7"
2401519,1971,30,0,,"2,4","0,3","1,5",0,0,"1,4",1,"2,2",0
2401519,1971,31,0,,"26,1",,0,,"0,9","0,6",,"1,7",
,,,,,,,,,,,,,
2401519,1972,1,0,"0,7",0,"0,2","0,3","0,5","3,6",0,0,0,"0,7"
2401519,1972,2,0,0,0,0,"1,5",0,"6,2",0,0,0,"1,6"
2401519,1972,3,0,0,0,0,"14,6","1,5","0,7",0,"1,2",0,"15,1"
2401519,1972,4,0,0,0,0,0,"2,6","1,6","0,5","0,1","0,1","0,1"
2401519,1972,5,0,0,"0,5",0,"3,1","0,2","11,3","0,1","0,1",0,"8,3"
2401519,1972,6,0,"0,8",0,0,"0,5",0,"5,3",0,"4,5",0,"0,7"
2401519,1972,7,0,0,"5,1",0,0,"0,1","0,9",0,"0,3",0,0
2401519,1972,8,0,"31,8",0,0,"0,3","0,8",0,"0,5","0,2",0,"0,3"
2401519,1972,9,"1,1","2,1","0,3","14,7",0,0,0,"2,3",0,"1,1","0,1"
2401519,1972,10,0,0,"0,1","4,4","2,2","1,7","1,5",0,0,"5,2",0
2401519,1972,11,"0,1",0,"0,1","6,4","0,5","1,8","4,7",0,"0,6",0,0
2401519,1972,12,0,0,0,"2,6",0,"0,1","0,6",0,"1,3","6,9",0
2401519,1972,13,"6,5",0,0,9,0,"2,5",0,0,0,"12,1","1,1"
2401519,1972,14,15,"0,3",0,"1,7","10,5","2,6","0,1",0,"0,9","4,1","0,3"
2401519,1972,15,"20,4",0,0,"0,1","0,1","0,2","0,4",0,"0,1",0,"0,7"
2401519,1972,16,"1,3",0,0,"17,3","18,6",0,"0,9","14,2",0,0,"6,4"
2401519,1972,17,13,5,"10,9","0,7","1,8","0,3","0,4","6,4",0,0,"2,4"
2401519,1972,18,0,0,0,0,0,"4,3","0,6","9,7",0,"0,8","0,2"
2401519,1972,19,0,0,"0,6",19,0,0,0,"0,5","3,7",0,"5,2"
2401519,1972,20,"9,5","4,8","4,2","9,1","0,3","5,3","6,2","0,6","2,4",0,"8,2"
2401519,1972,21,0,0,"10,9","10,8","10,7",0,"3,9","1,6","0,1",0,"6,6"
2401519,1972,22,"16,6",0,"0,6","3,4","2,2","0,4",0,"0,7",0,"0,4","0,7"
2401519,1972,23,"0,2",0,"0,1","19,6","1,3","1,5","2,3",0,"0,1",3,"2,9"
2401519,1972,24,0,0,"14,9",6,"1,2",0,"1,3",0,"1,4",0,"0,1"
2401519,1972,25,40,0,0,"4,8",0,0,0,"0,9",0,"0,2","0,1"
2401519,1972,26,"13,6",0,"2,7","17,6",0,"0,3","0,6","0,2","0,3",0,0
2401519,1972,27,"7,8",0,0,"0,2","3,2","1,1","0,1",0,0,0,0
2401519,1972,28,"0,9","7,5","6,3",18,"0,5","1,6","0,4",0,0,"6,2",0
2401519,1972,29,0,,"4,1",19,"1,6","0,7",0,"2,5",0,"2,4",0
2401519,1972,30,0,,"2,4","0,2",0,"1,2",0,"0,8",0,"0,6",0
2401519,1972,31,0,,0,,0,,"0,1","0,8",,"0,9",
,,,,,,,,,,,,,
2401519,1973,1,0,0,"0,3","0,3","6,4",0,0,"21,9","3,8",0,0
2401519,1973,2,0,0,"1,5",0,"1,7","0,8",0,"0,3",0,7,0
2401519,1973,3,0,0,"6,3",0,"0,1",0,0,"1,7","0,2","1,6","0,2"
2401519,1973,4,0,0,0,0,"0,2",0,0,0,"14,8","3,4","45,2"
2401519,1973,5,0,2,0,"1,3","1,9","0,3","1,5","0,6","19,2","15,6","0,3"
2401519,1973,6,0,"9,2",0,"0,7","0,9",0,0,"0,6","0,1",5,0
2401519,1973,7,0,0,"5,2","2,7","2,1","0,9",0,0,"7,4",0,3
2401519,1973,8,0,0,"4,2",0,0,0,"0,1","1,3",0,"0,2",0
2401519,1973,9,0,0,"11,1","10,2","0,1","1,8",0,"1,6","2,1",0,"8,2"
2401519,1973,10,0,6,"4,1",0,0,"4,4","0,4",0,"0,3","0,7",9
2401519,1973,11,0,"0,2",0,"8,4",0,"14,4","1,8",0,"0,1",1,7
2401519,1973,12,0,0,0,0,0,"2,2",0,"0,1","1,1",0,"8,2"
2401519,1973,13,"3,6",0,"1,1",0,"1,6","0,5",2,"22,1","0,6",0,"0,6"
2401519,1973,14,0,"0,1",0,0,"6,3","2,9","1,7","0,1","12,5","1,7","10,2"
2401519,1973,15,0,0,0,0,"4,2","2,4","0,1",0,"3,1","1,1","11,2"
2401519,1973,16,0,0,0,0,"0,6","2,3",0,"0,7",10,"1,4",1
2401519,1973,17,0,0,0,0,"1,1","12,9","0,5","0,2","16,2","0,8","9,7"
2401519,1973,18,0,0,0,"0,3","21,7","0,3",0,0,0,"0,8",5
2401519,1973,19,0,0,0,0,"2,2",0,0,"4,3","7,1","0,1",1
2401519,1973,20,0,0,0,0,"8,3",0,"4,2",0,"6,4","0,2",0
2401519,1973,21,0,0,0,"9,9","0,1","0,2","13,2",0,0,"5,5",0
2401519,1973,22,0,0,0,"1,1","0,1",2,"0,2",0,16,"0,4",0
2401519,1973,23,0,0,"0,8","11,6","11,9","0,3","8,5",0,0,0,0
2401519,1973,24,0,0,0,"0,6",0,0,"2,1","0,2",0,0,"3,1"
2401519,1973,25,0,0,0,"10,2",0,"15,5",4,0,0,"0,4",0
2401519,1973,26,0,"0,3","2,2","0,7","1,8","0,7","0,1","5,4","0,1","16,8",0
2401519,1973,27,0,0,"0,2","0,8",0,0,"2,6","18,9",0,"0,2",0
2401519,1973,28,0,0,"3,4","0,5",0,"0,2","0,4","0,5","0,1",0,"1,4"
2401519,1973,29,0,,0,0,0,"18,3","0,7","0,8",0,8,"1,2"
2401519,1973,30,"0,1",,0,0,0,2,"0,2","3,1",0,0,"8,8"
2401519,1973,31,0,,0,,0,,"12,9","6,9",,0,
,,,,,,,,,,,,,
2401519,1974,1,3,0,"0,3","3,8","14,6",0,0,0,"0,7","10,8",0
2401519,1974,2,0,0,"2,6",14,0,"2,7","0,1","0,6","0,8",10,0
2401519,1974,3,0,"3,5","17,5",1,"6,7",0,0,0,0,"6,1",0
2401519,1974,4,0,"13,7",0,1,"11,7",0,0,0,0,"2,4","9,5"
2401519,1974,5,0,"0,5",0,0,"12,3",0,"1,1","0,7",0,"5,8","0,5"
2401519,1974,6,0,"3,5","5,7",18,"1,9","1,3",0,0,0,0,"8,5"
2401519,1974,7,0,"10,9","6,4",0,"2,2",0,"0,7",0,"0,6","0,3","0,6"
2401519,1974,8,0,6,"6,5","0,6",0,0,"0,1",0,0,"16,4","5,4"
2401519,1974,9,0,0,"10,3",16,"0,4",0,"0,2","0,1","0,1","0,3","0,7"
2401519,1974,10,0,"4,7","0,1",2,"4,6","13,3","0,5",0,0,0,"11,8"
2401519,1974,11,0,"1,8","0,1",0,0,"1,7","1,9",0,0,0,8
2401519,1974,12,"1,8",0,5,0,0,"0,7","0,3","0,7","7,1",0,2
2401519,1974,13,"1,5","1,1","6,4",0,0,"1,9","0,3","0,8","0,1",0,0
2401519,1974,14,"0,4","7,1","0,6",0,"0,5",0,0,"0,1",0,"12,3",0
2401519,1974,15,0,"0,5","5,8",0,0,0,0,0,"0,1","2,4",0
2401519,1974,16,0,0,"0,4",0,0,0,0,"0,1","4,2","1,1",0
2401519,1974,17,0,"3,6",0,"0,5",0,"6,7","0,2","0,2",0,"0,2",0
2401519,1974,18,0,0,0,"0,1","0,1","0,3","0,3",0,"9,3","0,6","9,7"
2401519,1974,19,0,0,0,"0,1",0,"1,2","1,2",0,"1,6",0,"7,9"
2401519,1974,20,"0,5",0,0,"0,2","0,8","0,3","0,3",0,"0,7",0,0
2401519,1974,21,0,0,0,"1,1","1,9","1,9","1,5","0,1",0,"0,7","9,3"
2401519,1974,22,"0,9",0,"1,4","2,6","0,7","0,5","3,2","0,1","0,3","0,1","6,2"
2401519,1974,23,0,"0,1","0,3","7,3",0,"0,4","0,5","0,4",13,0,0
2401519,1974,24,0,0,"0,1","0,2","1,5","0,6",0,0,"11,4",0,0
2401519,1974,25,"5,4",0,"0,7","0,2",0,"4,2","0,4",0,"0,4","7,8","4,2"
2401519,1974,26,0,0,0,"3,9",0,"20,5",0,"0,6",0,"11,4",0
2401519,1974,27,0,0,0,"11,8","0,6","1,6","0,4",11,"1,9","4,1",2
2401519,1974,28,0,"2,2",6,0,"5,2","1,5",0,"1,1","0,8",0,"0,5"
2401519,1974,29,"0,1",,"0,2",0,"5,9",0,"0,5",1,0,"1,4",8
2401519,1974,30,"4,9",,"7,7",7,"1,5",0,"0,5","8,2","4,8","9,4","5,2"
2401519,1974,31,0,,"0,7",,"0,6",,"1,6",0,,1,
,,,,,,,,,,,,,
2401519,1975,1,"0,1","0,8",0,"3,7",0,"1,6","2,3",0,"4,8","0,3",0
2401519,1975,2,"0,3","4,5","10,1","12,9","3,4",0,4,"2,7","0,1",4,"20,8"
2401519,1975,3,0,"0,6","1,8",0,"2,4","0,6","23,3",0,0,"1,3","4,2"
2401519,1975,4,0,0,0,"2,4","13,5","0,8",0,"4,5","7,2","0,5",0
2401519,1975,5,0,0,"1,2",0,"11,2",0,"1,3",0,1,0,0
2401519,1975,6,0,0,0,"0,5","1,7","3,3","5,6","0,6",0,4,"0,5"
2401519,1975,7,0,"2,5",0,0,"0,8","2,8","5,5","0,5","0,2",0,0
2401519,1975,8,0,0,0,0,1,0,0,"0,4",0,0,"0,2"
2401519,1975,9,0,0,0,0,0,0,0,0,"1,8",0,0
2401519,1975,10,0,0,"0,1",0,0,0,"0,9",0,0,"0,8","3,9"
2401519,1975,11,0,0,0,0,0,"0,6",0,0,0,"5,1","1,1"
2401519,1975,12,0,0,"0,4",0,0,"0,7","13,5","1,2",0,"1,2","4,2"
2401519,1975,13,0,0,"0,7",0,"0,4","0,8","0,4","0,9","1,1","15,4","1,8"
2401519,1975,14,0,0,"2,6","0,2",0,"0,2","9,1","1,7","3,6","10,6",0
2401519,1975,15,"0,7",0,"15,3",0,"5,6",0,"8,6",0,0,"1,1",0
2401519,1975,16,0,0,0,0,1,0,14,0,4,"7,9",0
2401519,1975,17,0,"18,6","0,2",0,"1,9",0,"0,6","0,1","19,6",2,0
2401519,1975,18,0,"2,2","0,5","0,1",0,0,"0,2","0,5","0,4",0,0
2401519,1975,19,0,0,"1,1","0,1","0,5","0,4","0,1",0,"12,5","7,4",0
2401519,1975,20,"0,1",0,"1,9",0,0,"0,4",0,"17,1","0,4","2,5",3
2401519,1975,21,0,"1,3","0,6","0,6",0,"8,8",0,"1,6",0,"3,7",2
2401519,1975,22,0,"0,7","0,5","1,7","0,9","1,1",0,0,"3,4","0,5",0
2401519,1975,23,0,"19,2",0,0,"0,9","0,6",0,"0,3",0,0,"0,1"
2401519,1975,24,0,"2,4","0,3",1,"0,6",0,0,0,0,"1,6","0,4"
2401519,1975,25,0,0,"11,6","2,4","0,2","3,3","0,2","1,8",0,0,"0,6"
2401519,1975,26,0,0,0,"6,7","1,7","3,2","1,3","1,4","2,6","9,5",0
2401519,1975,27,"0,1","20,2",0,"4,8",0,"0,5",0,"4,8","0,6","0,4","2,1"
2401519,1975,28,0,"1,7",0,"5,9","0,3",1,0,4,0,"2,1",0
2401519,1975,29,0,,"1,6","5,6",0,2,"0,1","2,2",0,"0,7",0
2401519,1975,30,0,,"19,3","2,6","0,8","18,3",0,0,0,"7,2","2,7"
2401519,1975,31,0,,"13,4",,"1,5",,"1,7","4,6",,0,
,,,,,,,,,,,,,
2401519,1976,1,0,"2,5",0,0,"4,6","1,2",0,"0,5",0,"2,5",3
2401519,1976,2,0,0,0,4,"3,7","0,6",0,"0,5",0,9,"1,8"
2401519,1976,3,0,0,"0,5","3,5",9,"3,2","0,8","0,3",0,"10,6",15
2401519,1976,4,0,"1,7","10,6",0,"1,2","0,1","0,9","0,7",0,"3,6","2,2"
2401519,1976,5,1,0,"7,3",0,0,"2,6","0,2","0,4",0,"15,2","2,8"
2401519,1976,6,0,0,"4,5",7,"0,3","0,4","0,6","0,2","7,4",4,"0,1"
2401519,1976,7,0,0,"4,4",8,"0,8",6,0,"0,2",0,8,0
2401519,1976,8,"1,6",0,"8,3",0,0,0,0,"0,9",0,"8,8",0
2401519,1976,9,0,"0,2","6,6","4,7",0,"7,8","1,4",0,0,"2,6","2,8"
2401519,1976,10,0,"0,7",0,"4,8","1,3","2,2",0,0,"0,4","4,2",0
2401519,1976,11,0,"7,6","4,3","27,2","3,9","0,8","5,4","1,5",0,"2,2",0
2401519,1976,12,0,"4,2","6,5","3,8","0,2","20,3","1,7",0,"0,1",0,"0,4"
2401519,1976,13,"0,1","1,9",0,"4,4","0,1","3,3","1,1",0,0,0,"6,1"
2401519,1976,14,0,"0,1",0,"2,4",0,"11,5","0,1","0,4",0,"7,4",6
2401519,1976,15,0,0,0,"1,5","0,5",0,"0,9","0,8",0,5,1
2401519,1976,16,0,0,0,"4,5","2,4",0,"0,5",0,"0,7",0,0
2401519,1976,17,0,0,0,"10,6","11,6","0,5",0,0,0,3,"12,7"
2401519,1976,18,0,0,"7,8","21,9",0,"0,3","0,7",0,0,"8,5",0
2401519,1976,19,0,0,15,"20,5","0,4","0,4",0,0,"2,1",0,0
2401519,1976,20,0,4,4,"5,5","0,6",0,0,"3,6",0,"0,7","5,2"
2401519,1976,21,0,6,0,21,0,"1,4",0,0,"0,7",0,0
2401519,1976,22,0,"5,9",10,0,"0,4","0,2","1,4",0,"1,6",10,0
2401519,1976,23,0,"8,5",0,"1,1","0,4","1,1",0,0,"0,1",0,0
2401519,1976,24,0,0,0,"0,6","14,7",0,"0,3","0,2","1,9","1,5",0
2401519,1976,25,0,0,0,"0,9",16,2,"0,2","0,8","17,1","4,7",0
2401519,1976,26,"0,7",0,0,0,"17,1","0,5","0,2",0,"6,6",0,0
2401519,1976,27,0,0,21,"1,6",0,"0,9","3,2","0,1",3,7,0
2401519,1976,28,0,0,"2,8","1,6",0,3,"2,8","0,7","1,5",0,"0,5"
2401519,1976,29,"6,5",0,"3,5","13,1","0,6",0,0,0,0,0,"0,6"
2401519,1976,30,"4,7",,"1,3","0,6","0,2",0,0,0,"0,1",3,0
2401519,1976,31,0,,0,,"1,8",,"1,5","0,1",,15,
,,,,,,,,,,,,,
2401519,1977,1,0,0,0,0,"0,3","0,6",2,0,2,"11,9","0,8"
2401519,1977,2,0,0,0,0,"1,6","3,1",0,0,"0,3",0,"1,6"
2401519,1977,3,0,0,0,"10,9",0,0,"1,5","2,2",0,0,"0,5"
2401519,1977,4,0,0,0,"0,2",0,0,0,"1,8",0,8,0
2401519,1977,5,0,0,0,"0,4","1,7","0,1","1,5",0,0,"6,1","16,9"
2401519,1977,6,0,0,0,"3,6","2,1",0,0,2,0,"0,1","2,3"
2401519,1977,7,0,0,0,"8,4",0,0,0,"12,2",0,"10,6","4,1"
2401519,1977,8,0,0,0,"5,5",0,0,"0,4","0,8","0,5","3,9","8,9"
2401519,1977,9,0,0,"0,6",0,0,"0,3","2,4",0,"2,5","1,5","0,5"
2401519,1977,10,0,0,0,0,"0,2","7,9","0,3",0,"0,2","0,2","14,3"
2401519,1977,11,0,0,0,"0,7","3,1","6,2",0,0,"0,7","1,2","1,2"
2401519,1977,12,0,0,"0,4",0,0,"2,4",0,0,0,0,"1,8"
2401519,1977,13,0,0,0,"0,5",0,"1,4","1,4","3,2",1,0,"16,3"
2401519,1977,14,0,0,"3,5",0,"8,9","0,3","0,8","3,8","0,3",0,"14,9"
2401519,1977,15,0,"0,4","0,5",0,0,0,"1,2","0,6",0,"3,3","19,8"
2401519,1977,16,0,0,"0,6","0,4","3,4","1,3","0,5","0,9",0,0,0
2401519,1977,17,0,0,"7,6",0,0,"3,5",0,0,0,0,"0,1"
2401519,1977,18,0,0,"0,9",0,0,0,"3,5",0,"0,4",0,0
2401519,1977,19,"4,2",0,0,0,"1,1",0,0,0,0,0,0
2401519,1977,20,0,0,0,0,0,"4,5",0,"1,2","4,7",0,0
2401519,1977,21,0,"0,4",0,0,0,0,0,"2,2","0,2","1,1",0
2401519,1977,22,0,0,"1,5",0,"3,7",0,0,0,0,"0,3","5,9"
2401519,1977,23,"2,1",0,"2,4","7,3","0,7","0,1","2,4",0,"0,3","4,5","8,3"
2401519,1977,24,0,"1,2","21,2","9,3","1,1","0,3","4,2",0,"2,2","4,1",0
2401519,1977,25,0,0,0,14,"1,8","0,2","0,3","0,4","24,4",0,0
2401519,1977,26,0,0,0,"0,2",0,"1,8","2,4","0,5",5,"0,9",0
2401519,1977,27,"2,2",0,"2,9","7,2","4,7","1,6","3,1","1,7","4,7","9,1",0
2401519,1977,28,0,0,19,"13,5",0,0,"0,3","0,2","13,4","20,8",0
2401519,1977,29,0,,0,1,1,"2,6",0,"2,5","8,4","8,4",0
2401519,1977,30,0,,"2,8",0,0,0,"0,3","0,8",0,23,0
2401519,1977,31,"3,7",,"0,5",,"1,2",,"0,3",0,,"5,2",
,,,,,,,,,,,,,
2401519,1978,1,0,0,"4,1","2,3","0,9","6,8","0,3","0,1","3,8","2,7",0
2401519,1978,2,0,0,"1,7","19,4","0,9","1,5",0,0,0,0,0
2401519,1978,3,0,0,"1,1","2,5","10,6","0,1","5,3",0,0,0,0
2401519,1978,4,0,0,0,"0,6","7,5","0,2",0,"0,3",0,0,"0,6"
2401519,1978,5,0,0,"0,1","6,4","5,8",0,"1,1","0,7",0,0,0
2401519,1978,6,0,"25,2","22,6","0,1",0,0,"0,2",0,"0,1",0,0
2401519,1978,7,0,"14,1","14,4",0,0,"0,2","0,3",0,0,"1,2",0
2401519,1978,8,0,26,0,"7,1",0,6,"0,3","5,4","8,4",3,0
2401519,1978,9,"0,8",0,0,"0,8","10,6",0,"4,6",0,"1,4",0,"4,6"
2401519,1978,10,0,0,0,"0,2","15,5",0,1,"1,3",0,"0,3","1,3"
2401519,1978,11,0,0,0,"0,3",0,"4,5",0,0,"6,1","11,1","0,3"
2401519,1978,12,0,0,0,"0,1",0,"0,1","0,4",0,0,"14,5","2,2"
2401519,1978,13,0,0,0,"0,5","1,5","0,5","1,2","0,1","0,3",0,"0,5"
2401519,1978,14,0,0,0,0,0,"3,3","3,4",0,"0,2",0,0
2401519,1978,15,0,0,0,0,0,"1,6",0,0,0,"0,3","4,5"
2401519,1978,16,0,0,0,"7,8",0,8,0,0,0,"3,2","1,2"
2401519,1978,17,0,0,0,"8,8",0,0,"0,1",0,0,0,"0,2"
2401519,1978,18,0,0,0,"1,6","0,9",0,0,0,"0,2","11,2",0
2401519,1978,19,0,0,0,"17,1",0,0,0,"0,6",0,"0,1",0
2401519,1978,20,0,0,0,"5,2",0,"3,1",0,0,"0,1","6,3",0
2401519,1978,21,0,0,0,17,"0,4","0,6",0,0,"0,1","0,2","4,7"
2401519,1978,22,0,"0,2",0,"0,2","0,2","0,6",0,0,0,0,0
2401519,1978,23,0,0,0,"3,2",0,"3,8","4,5",0,"0,2","7,4",0
2401519,1978,24,0,0,"0,3","15,8",0,"4,5",0,0,"0,8","15,8",0
2401519,1978,25,0,0,"4,1","13,8","4,8",0,"0,3",0,"3,3","0,1",0
2401519,1978,26,0,"4,7",0,"0,2",0,0,"1,2",0,15,"3,9",0
2401519,1978,27,0,0,0,0,"13,2",0,"0,3",0,"0,4","0,1",0
2401519,1978,28,"0,3",0,"0,1",0,"2,3",1,0,0,0,0,"1,3"
2401519,1978,29,0,,"9,5","0,5","8,7",0,"0,5","15,3","1,1","0,2","1,6"
2401519,1978,30,0,,3,0,0,"2,9","2,2","0,2","1,2",0,"3,8"
2401519,1978,31,0,,"11,5",,"7,5",,0,"0,2",,0,
,,,,,,,,,,,,,
2401519,1979,1,0,0,"0,7",0,0,0,0,0,"4,1",0,0
2401519,1979,2,0,0,"3,7","5,7",6,"10,6","0,1","0,6",0,"0,4",0
2401519,1979,3,0,0,"0,8",0,"1,3",0,"0,1",0,"7,5","2,6","0,2"
2401519,1979,4,0,0,"7,6",0,"1,8","9,1","4,3","1,4","0,3","0,1",0
2401519,1979,5,0,0,"0,4",0,0,"2,3","0,2",0,0,0,7
2401519,1979,6,0,0,"3,7",0,0,"2,5","0,7",0,0,0,"7,1"
2401519,1979,7,0,0,"2,1",0,0,"8,6",0,0,0,0,"13,2"
2401519,1979,8,0,0,"1,5",0,0,"9,3",0,"2,3","0,8",0,2
2401519,1979,9,0,0,0,0,"1,2",14,0,0,0,0,0
2401519,1979,10,0,0,0,0,0,0,0,0,0,0,"0,1"
2401519,1979,11,0,"0,5",0,"3,5","0,3","0,8",0,0,0,"2,1","1,4"
2401519,1979,12,0,0,0,"2,3",0,"2,5","1,3","0,6",0,"20,2","8,1"
2401519,1979,13,0,0,0,0,0,"3,5",12,"1,1","8,5",0,"0,2"
2401519,1979,14,0,0,0,"4,8","0,3","0,3","0,7","0,2","1,3",0,"2,3"
2401519,1979,15,0,0,"0,2","0,3","16,8","2,1",0,0,1,"10,6","2,8"
2401519,1979,16,0,0,"0,5","1,5","0,2","1,6","1,6","0,9","7,5","3,1","2,7"
2401519,1979,17,0,0,"4,2","1,2","5,7","2,5","0,1","3,8",1,"6,4","2,1"
2401519,1979,18,0,0,0,"3,6",16,0,"2,1",0,"11,8","17,7","3,6"
2401519,1979,19,"5,1",0,21,5,"2,6",0,0,0,"0,7","0,5","3,2"
2401519,1979,20,0,0,5,"1,9","9,5","2,6",0,"3,9",0,"11,6","4,4"
2401519,1979,21,"4,6",0,0,"16,6","7,8",0,0,"2,9","7,7","15,3",0
2401519,1979,22,0,0,"1,2","23,4","5,3","1,2","0,6","6,9",0,"13,2",0
2401519,1979,23,0,0,"9,4","0,7","2,7","0,3",0,"10,3",0,12,"6,4"
2401519,1979,24,0,"0,5","3,2",0,0,0,"0,4","20,5",0,3,"23,2"
2401519,1979,25,0,23,0,2,0,0,"0,1","1,2",0,"7,8","7,4"
2401519,1979,26,0,"3,9","1,6","8,9","0,8","0,2","0,8",5,0,"17,3",0
2401519,1979,27,"0,8",0,0,"20,6","0,5","0,4","0,4",0,0,"1,8","1,5"
2401519,1979,28,10,0,1,"26,1",0,"0,2","0,2","13,7","0,1","33,8",0
2401519,1979,29,0,,0,"3,9","0,2",0,0,"4,8",0,0,0
2401519,1979,30,0,,0,0,"0,9",0,0,"0,2","0,1","0,2","2,7"
2401519,1979,31,0,,0,,"3,5",,0,"4,2",,0,
,,,,,,,,,,,,,
2401519,1980,1,"1,6","7,6",0,0,"7,9",26,0,0,"0,7","9,3",0
2401519,1980,2,0,0,0,0,"0,7","3,8","1,9",0,0,0,"34,3"
2401519,1980,3,0,"18,2","3,6","0,5","2,5","9,2",0,0,0,"2,9","6,7"
2401519,1980,4,0,"2,6",0,"0,2",0,"0,8",0,0,0,"0,5","0,1"
2401519,1980,5,0,0,0,"18,1","10,4","0,3","0,2",1,"3,5","10,5","14,2"
2401519,1980,6,0,0,0,"21,9","1,8","0,3",0,1,0,"42,8",0
2401519,1980,7,0,"0,8","2,4",0,"0,7","0,2","0,3","0,4",0,"26,5",1
2401519,1980,8,0,0,0,"0,3","0,2","1,4",1,"0,1","0,1","8,1","5,6"
2401519,1980,9,0,0,0,"0,3","0,8","3,5","1,2",0,"2,4","3,4",0
2401519,1980,10,0,0,0,"0,5",0,"13,7","4,4",0,"0,5",0,"2,1"
2401519,1980,11,0,0,0,0,0,"2,3",0,0,0,0,0
2401519,1980,12,0,0,"0,5",0,0,"12,8",0,0,0,0,"0,6"
2401519,1980,13,0,0,0,0,0,0,"0,5",0,0,0,0
2401519,1980,14,0,0,0,7,"1,1",0,"3,1",0,0,0,"1,9"
2401519,1980,15,0,0,0,"0,4",1,0,0,0,0,0,2
2401519,1980,16,0,0,0,"0,7",0,0,0,0,6,0,"7,9"
2401519,1980,17,1,"7,3","6,6",0,"1,4",3,0,"1,6",1,0,"5,5"
2401519,1980,18,"2,2",0,"1,2","0,6","3,1",0,0,0,"5,1",0,"3,9"
2401519,1980,19,0,"4,1",0,"3,1",0,"0,4",0,"0,6",0,"1,2",0
2401519,1980,20,0,"12,7",0,0,0,0,"0,2",0,0,0,"0,6"
2401519,1980,21,0,0,0,"0,3",0,"1,2","1,4",0,"0,4",0,0
2401519,1980,22,0,"3,9","4,1","1,9","4,9",0,"0,2","0,5",0,0,"0,3"
2401519,1980,23,0,0,0,0,0,0,"0,7",0,0,"0,3",0
2401519,1980,24,0,0,0,"0,3","1,1",0,"0,9",0,0,"11,1","0,7"
2401519,1980,25,0,0,0,"4,1",0,0,0,0,0,"3,2",0
2401519,1980,26,0,"0,8",0,0,"3,8",0,0,"1,2",0,0,0
2401519,1980,27,0,"0,1",0,0,0,0,"1,8","1,9","0,7",0,0
2401519,1980,28,0,0,0,"22,5",0,"18,3",3,"0,9","0,5",0,0
2401519,1980,29,0,0,0,0,0,"1,9",0,"1,4","11,7",0,0
2401519,1980,30,"1,3",,0,"0,8",0,0,"0,1",0,"0,1",0,"1,8"
2401519,1980,31,"18,5",,0,,"7,2",,0,"1,1",,0,
,,,,,,,,,,,,,
2401519,1981,1,"4,1",0,0,0,"4,8",8,"0,3",,,"2,8","1,1"
2401519,1981,2,"0,1",0,0,"0,5","10,6","1,8",0,,,0,0
2401519,1981,3,0,"0,9","0,1","8,6","0,1",0,0,,,"3,8","1,4"
2401519,1981,4,0,0,"0,2",3,"3,7",0,0,,,"0,8","9,2"
2401519,1981,5,0,10,0,13,"38,6",0,"0,7",,,0,"0,1"
2401519,1981,6,0,0,"3,2",0,"0,3",0,0,,,"6,1","0,5"
2401519,1981,7,"0,4",0,"0,8",0,"11,2",2,0,,,"2,7","13,3"
2401519,1981,8,"4,8",0,0,"20,3","9,7","3,5","0,2",,,"4,1","1,6"
2401519,1981,9,0,0,"2,6",0,"5,5","0,4",0,,,"8,9","2,8"
2401519,1981,10,0,0,"3,3","0,7","4,6","0,7","0,4",,,0,0
2401519,1981,11,0,"18,3","0,1","0,3","12,8",0,0,,,"6,2","0,4"
2401519,1981,12,0,0,"3,3","0,4","4,3","0,3",0,,,"2,2","11,7"
2401519,1981,13,0,0,0,"7,4","7,8","2,9","1,3",,,"0,3","8,3"
2401519,1981,14,0,"0,2",0,"28,2","0,3",0,"1,2",,,2,"3,6"
2401519,1981,15,0,0,0,"0,5",2,"1,2",0,,,"0,3","8,1"
2401519,1981,16,0,"6,9",0,"21,7","2,3","0,6","3,3",,,0,0
2401519,1981,17,0,"0,3",0,"6,9","0,2","0,1","0,4",,,0,0
2401519,1981,18,0,"0,1",0,21,0,"0,7",1,,,0,"0,4"
2401519,1981,19,0,0,0,"6,3",0,"2,1","2,1",,,0,"1,5"
2401519,1981,20,0,"0,2",0,0,0,0,"0,8",,,0,"0,5"
2401519,1981,21,0,"0,7",0,"2,4",0,0,0,,,"4,5","2,5"
2401519,1981,22,0,0,"1,2","6,5","3,5","3,8",0,,,0,"0,5"
2401519,1981,23,0,2,0,"1,7",0,0,0,,,0,0
2401519,1981,24,0,"0,8","0,3","0,8",0,0,0,,,"0,5",0
2401519,1981,25,0,"0,8","7,6","0,1",0,0,0,,,0,0
2401519,1981,26,0,0,0,0,0,"0,2",0,,,"9,5","3,8"
2401519,1981,27,0,0,0,"8,4","0,3",0,0,,,0,"0,7"
2401519,1981,28,0,"0,3",0,"10,5","0,6","1,8","0,2",,,0,"0,3"
2401519,1981,29,0,,0,5,"15,1",3,0,,,16,"2,5"
2401519,1981,30,0,,0,"6,2","11,5","0,7",0,,,"0,1","2,9"
2401519,1981,31,0,,0,,"9,9",,0,,,12,
,,,,,,,,,,,,,
2401519,1982,1,"4,2","0,2","2,3",0,"20,2",1,"2,2","0,5","0,3","0,4",0
2401519,1982,2,"5,5","3,1","6,8","4,2","5,8","0,3",0,"5,4",0,"0,3","2,1"
2401519,1982,3,1,0,0,"29,7",16,0,"0,2","0,7","0,1","0,2",0
2401519,1982,4,"1,4",0,0,5,"0,1","0,7","3,5",0,"1,5",0,0
2401519,1982,5,"0,2",0,"0,5","2,9","15,2","0,4",0,"0,8","0,3","3,2",0
2401519,1982,6,"0,1","12,8","9,8","12,4","0,1","5,5","0,6","1,1",0,"2,3",0
2401519,1982,7,"0,3","0,8",0,"4,9","5,4","0,2",0,0,0,"3,1",0
2401519,1982,8,0,0,0,"6,7","3,8",0,0,0,0,"2,1",0
2401519,1982,9,"1,9",0,"5,6","5,2",0,"4,8",0,0,0,"2,8",0
2401519,1982,10,"0,1","1,7","9,4",0,"0,1","0,2","0,4",0,"2,1","1,1","5,5"
2401519,1982,11,0,0,0,21,0,"1,7","0,4","0,2",0,0,0
2401519,1982,12,0,"2,4",0,"0,4",0,1,"0,6",4,0,"1,9","1,1"
2401519,1982,13,0,"1,9","1,1","0,6",0,0,0,0,0,"0,4",0
2401519,1982,14,0,"2,2","2,3","1,1",0,0,0,0,0,0,0
2401519,1982,15,"0,6",7,5,0,0,0,0,"1,4","0,2",0,"0,5"
2401519,1982,16,"0,1","1,3",0,10,0,0,"2,1",0,"3,2",0,0
2401519,1982,17,0,"0,1","1,1","8,9",1,0,"0,3",0,"0,1",0,0
2401519,1982,18,0,5,"7,9","1,5","0,6","1,5","0,9","3,7",0,3,0
2401519,1982,19,0,0,"6,4",0,"3,1","0,1","0,1","0,5",0,"1,8","2,2"
2401519,1982,20,0,0,"2,5",0,12,"1,4",0,"3,6",0,0,0
2401519,1982,21,0,0,0,"1,1","5,9",0,0,0,0,"1,2","0,9"
2401519,1982,22,0,0,0,0,"7,8",0,"2,3","4,6",0,"0,1","0,7"
2401519,1982,23,0,0,0,"19,7","0,4",0,0,1,0,0,"0,6"
2401519,1982,24,0,0,"0,6","6,5","12,2","0,2",0,0,0,0,0
2401519,1982,25,0,0,"3,5",0,0,0,0,0,"8,9",0,0
2401519,1982,26,"0,4",0,"0,1",0,0,"0,3","2,2","0,9",0,0,"10,4"
2401519,1982,27,"10,1",3,"5,9","0,2",0,"0,6","11,3","2,7","4,5","0,1","3,5"
2401519,1982,28,"0,6","9,5","0,1","21,2","1,2","0,6","0,3","0,5","1,8",0,0
2401519,1982,29,"9,6",,0,"12,9","2,6","1,6","0,5",0,"2,3",0,"3,8"
2401519,1982,30,0,,0,"5,6",0,"1,9","1,4",0,0,0,0
2401519,1982,31,0,,"0,6",,"1,1",,0,10,,0,
,,,,,,,,,,,,,
2401519,1983,1,0,0,0,0,0,"0,2","0,3","0,9",0,0,0
2401519,1983,2,"1,4",0,0,0,0,"0,8",1,0,1,0,0
2401519,1983,3,0,0,0,"0,8",0,"3,1",0,"0,8",0,1,0
2401519,1983,4,"2,1",0,"0,1",0,"0,1","6,4",2,0,"3,1",0,"0,7"
2401519,1983,5,0,0,"1,1","22,5",0,0,0,"2,3","2,7",0,0
2401519,1983,6,"0,6","4,9","9,3","2,3",0,0,0,1,"3,5",0,0
2401519,1983,7,0,"23,1","0,3","0,3","2,8","0,3",0,0,"0,7",0,"1,7"
2401519,1983,8,0,"9,9","3,4","10,3",0,0,"4,8",0,"1,1",0,0
2401519,1983,9,0,"0,4",0,"2,7","0,3",0,"1,1","2,2",0,0,"2,2"
2401519,1983,10,"0,5","0,3",0,5,"3,2",0,0,0,0,0,0
2401519,1983,11,"0,2","7,6",0,8,"3,8","0,4",0,0,0,"0,6","0,1"
2401519,1983,12,0,0,0,"2,6",0,0,0,"0,2","0,1","0,9",0
2401519,1983,13,"0,7","5,7",0,"10,4",0,0,0,"0,5","0,3","0,1","1,6"
2401519,1983,14,0,"0,5",0,"3,4",0,0,"0,4",0,0,0,"0,2"
2401519,1983,15,0,0,0,"6,1",0,0,"4,1","0,1",0,"2,7",0
2401519,1983,16,0,0,0,0,"2,9",0,"0,5",0,"0,4","2,3",0
2401519,1983,17,0,0,"0,4",0,0,0,0,"0,6","0,7",0,"0,7"
2401519,1983,18,0,0,0,0,"2,9",0,0,"0,7","2,2","0,6",0
2401519,1983,19,0,"4,4","0,1",0,"6,8",0,"6,4","0,2",0,"7,7",0
2401519,1983,20,0,"1,8",0,0,0,"0,6","0,3",0,0,"5,1","3,5"
2401519,1983,21,0,"2,9",0,"6,6",0,0,2,"1,5","0,9","0,3",0
2401519,1983,22,0,"0,5","1,1","0,3",0,0,"3,9","0,6","1,7",0,0
2401519,1983,23,0,"2,4",0,"5,9",0,"0,8",0,"3,6",0,0,"0,2"
2401519,1983,24,0,"0,9",0,0,0,0,0,"0,6",0,"2,2",0
2401519,1983,25,0,"0,9","1,2",0,"3,7","0,4","0,8",0,0,0,0
2401519,1983,26,0,"0,3","18,8","1,7","2,1",0,1,0,"0,6","0,1",0
2401519,1983,27,0,"1,3","0,5","0,6",1,"0,3","0,7","0,6",0,"10,2",0
2401519,1983,28,0,"1,3",0,"20,8","2,6",0,"1,3","0,4",0,0,0
2401519,1983,29,0,,0,"4,6",0,"2,5","0,3","0,1",0,"3,1",0
2401519,1983,30,0,,0,"0,3",0,0,"0,1",0,0,"8,5","6,9"
2401519,1983,31,0,,0,,0,,"0,4",0,,0,
,,,,,,,,,,,,,
2401519,1984,1,0,0,"0,4",0,"1,2","4,8",0,0,"0,1",0,0
2401519,1984,2,0,"4,3",0,"1,7","0,1","0,2",0,"0,6","0,6","0,4","1,4"
2401519,1984,3,0,0,0,0,0,1,"0,5","1,9",0,"0,2","0,1"
2401519,1984,4,0,"18,6",0,0,0,"1,6","7,3",0,"1,9","0,5",0
2401519,1984,5,0,"2,4",0,"0,1",0,"0,5","0,4",0,0,0,"0,2"
2401519,1984,6,"0,5",0,0,0,"1,5","0,4","0,3",0,"2,9","2,9","0,6"
2401519,1984,7,"0,8","3,2",0,0,1,"14,6",1,"1,3","0,2","1,2","0,9"
2401519,1984,8,"3,2","0,7",0,"11,3",0,"19,6","0,3",0,"0,8","1,9","10,9"
2401519,1984,9,0,0,0,0,"0,3",0,"1,5",0,"5,8",0,0
2401519,1984,10,0,0,0,0,"14,9",0,0,"0,3","17,2",0,"0,9"
2401519,1984,11,0,0,0,"0,1","5,3",0,"1,3","0,4","1,4","0,7","2,1"
2401519,1984,12,0,0,0,"0,4","0,5","0,3","0,1","0,1","0,1",0,0
2401519,1984,13,0,"11,9",0,0,"0,2","0,8",0,"8,4",0,"1,5","6,4"
2401519,1984,14,0,"5,9",0,0,"18,5",0,0,0,0,0,0
2401519,1984,15,0,9,"0,4",0,"6,6",1,"1,3",0,0,0,0
2401519,1984,16,0,"4,3",0,"3,7","1,1","0,4",0,0,"2,7",0,0
2401519,1984,17,0,0,0,0,"0,7","0,2",0,"8,5","2,4",0,0
2401519,1984,18,"0,5",0,0,0,"7,8",0,0,"4,7","2,6","1,3",0
2401519,1984,19,"5,7","5,7",0,0,"0,1",0,1,"9,1","12,4",0,0
2401519,1984,20,7,0,"18,5",0,0,0,0,"3,2","11,3",0,0
2401519,1984,21,0,0,0,"1,8","0,8",0,0,"1,3","1,9","1,1",0
2401519,1984,22,"0,7","0,2","7,5","17,1","0,4","0,8",0,"0,1","3,5","1,2",0
2401519,1984,23,"0,6","0,3","7,6",6,"6,6","2,6",0,"0,2","2,7","0,4",0
2401519,1984,24,"3,4",0,"0,8",0,"0,1","0,2","1,1",0,"5,6","0,3",0
2401519,1984,25,1,"2,1",0,"1,1",0,0,"0,7","1,2","7,1",0,0
2401519,1984,26,"0,1",0,0,0,0,0,"0,9","0,2","0,4",0,"0,1"
2401519,1984,27,"3,7",0,0,"0,1","6,5","0,4",0,"0,1",0,"5,1","2,6"
2401519,1984,28,0,"0,2","1,1","10,9","1,9","3,3",1,0,0,0,"6,5"
2401519,1984,29,"0,9",0,"10,4","7,5","0,1","1,4",0,0,"0,7",0,"5,1"
2401519,1984,30,0,,"13,3","7,5","0,1",0,0,0,0,"0,2",0
2401519,1984,31,0,,0,,"0,2",,0,0,,1,
,,,,,,,,,,,,,
2401519,1985,1,0,0,0,0,"6,5","0,6",0,0,"2,1",0,"1,1"
2401519,1985,2,0,0,0,0,"10,6","2,3",0,0,"0,2",0,0
2401519,1985,3,0,0,0,"22,7","0,1","0,4",0,0,"7,1",0,0
2401519,1985,4,"10,5",0,0,0,"0,5",0,"2,5","1,8","0,4",0,"1,2"
2401519,1985,5,"3,3",0,0,0,0,0,"0,3","0,5","0,2",0,"14,7"
2401519,1985,6,0,0,0,"4,7","0,1","5,1",0,"4,8",0,"28,5","0,5"
2401519,1985,7,0,0,"0,7",0,"0,2",0,"0,1","6,4","3,2","0,9",0
2401519,1985,8,0,0,"0,6",0,"8,2","6,7",0,"0,2","14,6","14,4",0
2401519,1985,9,0,0,0,0,0,0,0,"0,9","5,2","1,1","0,5"
2401519,1985,10,0,"0,2","0,2",0,"18,2",0,"0,3",1,"9,5","5,7","1,2"
2401519,1985,11,0,0,0,0,8,"1,1","0,2","0,1","4,3",0,"22,3"
2401519,1985,12,0,0,"0,9",0,3,0,0,"0,5","4,1",0,"2,9"
2401519,1985,13,0,0,"6,7",0,0,16,"0,5",0,"10,9",0,"20,2"
2401519,1985,14,0,0,"0,1",0,0,0,"0,2","1,8",1,0,"1,5"
2401519,1985,15,0,0,0,0,"1,8",0,"0,2","0,2",0,0,"2,3"
2401519,1985,16,0,0,0,0,"0,1",0,"0,3","0,2",0,0,0
2401519,1985,17,0,0,"10,1",0,"0,1",0,2,"0,5",0,0,"0,1"
2401519,1985,18,0,0,"3,9",0,"9,1",0,0,"1,2","5,1","5,4","0,4"
2401519,1985,19,0,"0,2","17,2",0,"0,1",0,0,0,0,"1,1","0,1"
2401519,1985,20,0,0,"1,4","6,8",0,0,"0,4","0,1",0,"0,7","9,2"
2401519,1985,21,0,"0,1",0,22,0,0,0,0,0,0,"0,1"
2401519,1985,22,"5,8",0,0,0,0,0,"0,3",0,"0,5","9,5","1,7"
2401519,1985,23,"13,8",0,0,"12,4","1,8",0,"8,1",0,0,"29,9",0
2401519,1985,24,"0,1","0,5",0,"2,2",0,0,"0,1",0,0,"2,7",0
2401519,1985,25,"0,2",0,0,"3,7","0,5",0,"3,3","0,1","12,8","1,3","0,1"
2401519,1985,26,0,0,"4,8","1,9","1,4",0,0,"1,3","0,3",0,2
2401519,1985,27,0,0,0,0,"3,9",0,0,2,"3,4",25,"0,8"
2401519,1985,28,0,0,"0,2","1,5",0,0,0,"1,1",8,"28,5",0
2401519,1985,29,0,,0,"1,8",0,0,"1,4","0,6","2,9",8,0
2401519,1985,30,0,,0,"15,4",0,0,0,0,0,7,4
2401519,1985,31,0,,"5,9",,"5,1",,0,0,,"0,4",
,,,,,,,,,,,,,
2401519,1986,1,0,0,"3,2",0,"2,1","3,4",0,0,0,"21,2","1,5"
2401519,1986,2,0,0,"0,2","8,4","3,7","0,1","0,4",0,0,"11,6","10,2"
2401519,1986,3,0,"0,4",3,"0,1","0,1","18,3",0,"0,6","4,6","24,1","0,1"
2401519,1986,4,0,0,0,"3,4",0,"1,4","0,1",1,"0,9","0,2",0
2401519,1986,5,"0,8",0,0,0,"0,8","22,5","0,8",0,0,"4,5",0
2401519,1986,6,0,0,0,"41,4",0,"2,8","0,2","0,2","0,1","20,1",0
2401519,1986,7,0,0,0,"10,7",0,1,"1,4","0,3",0,"4,8",0
2401519,1986,8,"0,1",0,0,"2,6",0,"0,4","1,8",0,0,"0,8",0
2401519,1986,9,1,"11,5",0,0,0,"1,8","1,2",0,0,"3,7",0
2401519,1986,10,0,0,"2,8","0,3","0,4","2,2",0,0,"0,2","10,7",0
2401519,1986,11,0,0,"0,3",0,"0,8","0,2","0,3","0,2",0,"1,4",0
2401519,1986,12,0,"0,8",3,0,"3,5",0,0,"3,8",0,"0,5",0
2401519,1986,13,0,"17,1","7,1",0,0,"0,8",0,"1,3",0,"0,4",0
2401519,1986,14,"0,5","7,9",0,"12,3","0,9","0,9","0,3",0,0,"2,1","0,6"
2401519,1986,15,"2,3","1,2",0,0,0,"11,5","0,5",0,0,"12,4",0
2401519,1986,16,"1,1",0,"0,2","0,4",0,0,"3,2",0,0,"0,1",0
2401519,1986,17,"0,1","18,8",0,0,0,"2,2",0,"1,5",0,"1,7",0
2401519,1986,18,0,"0,3",0,0,0,0,0,0,0,"26,1","17,6"
2401519,1986,19,0,"0,2",0,"1,6","4,5","1,4",0,0,"0,3","16,5",0
2401519,1986,20,0,"7,1",0,0,0,"1,3",0,"0,2",6,"0,2",0
2401519,1986,21,0,0,0,0,"0,6","0,1","1,4","0,3",0,"0,3","3,6"
2401519,1986,22,0,0,"0,4",0,"2,7","1,4","2,6",0,0,0,"1,4"
2401519,1986,23,0,"3,3",0,"1,3","0,1","2,9","1,3","6,3","31,7",0,4
2401519,1986,24,0,"16,8",0,0,0,"0,7","0,2","0,5",11,"0,9","0,3"
2401519,1986,25,0,"0,2",0,"21,2","2,4",0,"0,5","0,2","0,3","9,1","0,5"
2401519,1986,26,2,"5,4","5,5",2,"5,2",0,"1,7",0,0,"4,7",17
2401519,1986,27,"0,4","4,5",0,0,"2,6","6,4",0,"1,7","1,3","0,1","3,9"
2401519,1986,28,0,"3,2",0,"0,3","1,6","2,7",0,"0,1","8,8","2,8","0,6"
2401519,1986,29,0,,"0,1","0,1",0,"0,3",0,"0,1","0,1","1,4",0
2401519,1986,30,3,,0,"0,4",0,"0,1",0,0,"0,8",0,0
2401519,1986,31,0,,0,,"7,9",,"1,6",0,,"0,1",
,,,,,,,,,,,,,
2401519,1987,1,"0,1",0,0,0,0,0,0,"2,8",0,"4,6","2,3"
2401519,1987,2,0,"0,3",0,"11,3",3,0,0,8,"0,2","1,8",0
2401519,1987,3,0,"1,3","25,4","5,6","2,2","0,2",5,"0,5","2,7","15,9",0
2401519,1987,4,0,0,0,0,13,"1,1","7,9","0,1",0,10,"0,7"
2401519,1987,5,0,0,0,"32,7",1,"1,2",0,"1,5","0,6",0,"0,7"
2401519,1987,6,"1,6",0,0,"0,3",2,0,0,"1,8","11,3","0,3","0,2"
2401519,1987,7,"0,1",0,0,0,0,0,2,0,0,"1,2","0,1"
2401519,1987,8,"2,8","0,1",0,"1,7",0,"1,5",2,"0,9",0,"4,4",0
2401519,1987,9,"0,8",0,0,0,0,0,0,"0,7",0,"2,8",0
2401519,1987,10,0,0,0,0,0,0,4,0,0,0,0
2401519,1987,11,0,0,0,"0,9",0,"0,2",0,"0,7","0,3",0,0
2401519,1987,12,0,"5,5","5,8",0,"1,2","0,9",0,"0,4",0,"0,2",0
2401519,1987,13,0,4,"5,2",0,"5,2","0,1",0,"0,3","1,8","16,7",0
2401519,1987,14,0,0,0,0,"6,4","0,3",0,0,"21,4",2,"2,2"
2401519,1987,15,0,"0,9",0,0,0,"1,1","0,3","0,2","0,4","30,5",0
2401519,1987,16,0,0,"0,7",0,0,0,"0,4",0,"1,9","14,5","0,8"
2401519,1987,17,0,0,"1,7",0,"5,9",0,"0,9",0,0,0,0
2401519,1987,18,"0,3","0,7",0,0,0,0,"0,7",0,0,"4,2",0
2401519,1987,19,"0,9",0,0,"1,3",0,0,0,"0,3","0,8","7,9","5,2"
2401519,1987,20,0,0,0,0,0,0,2,0,"0,4","0,2","1,9"
2401519,1987,21,0,0,0,"0,6",0,0,4,"1,2","0,1",5,"1,6"
2401519,1987,22,"6,5",0,0,"4,1",33,"0,5","6,1","0,2","1,9",0,"0,9"
2401519,1987,23,"0,5",0,0,"1,9","22,9","1,2","0,1",0,"0,4","17,7",0
2401519,1987,24,0,0,0,0,"2,8","2,3","1,6",0,"0,4",0,0
2401519,1987,25,0,"1,4",0,"3,6",0,"5,5","1,1","0,1",0,"0,5","6,2"
2401519,1987,26,0,0,"13,3","1,4","6,3",0,"0,5","2,9","6,7","0,3","21,4"
2401519,1987,27,0,0,"2,3","2,7",0,0,"0,6","0,5",0,"24,4",1
2401519,1987,28,0,0,"4,2","2,2",0,0,"0,1",0,"0,8","5,1","13,6"
2401519,1987,29,0,,1,0,0,"0,2",0,"0,7","14,2","7,1","4,3"
2401519,1987,30,0,,"12,4","18,5",0,"2,1","0,6","1,2","0,8","18,4","14,6"
2401519,1987,31,"1,5",,0,,0,,"5,1",0,,"27,3",
,,,,,,,,,,,,,
2401519,1988,1,0,0,0,0,"0,4",0,0,"4,8","4,3","4,3",0
2401519,1988,2,0,0,0,2,"3,2","5,9",0,"0,1",2,2,0
2401519,1988,3,0,0,0,0,"6,5","2,2",0,0,0,0,"2,3"
2401519,1988,4,0,0,0,0,"0,9","0,5","2,6",0,0,0,0
2401519,1988,5,0,0,0,0,"0,1",12,"1,1",6,0,0,0
2401519,1988,6,0,0,0,0,"0,9","7,5","0,2",4,"3,2","3,2",0
2401519,1988,7,0,0,0,0,0,0,"0,6",0,"0,1","0,1","4,8"
2401519,1988,8,"3,6",4,0,3,"5,8","2,4",0,"0,7",0,0,"10,1"
2401519,1988,9,0,22,0,5,0,0,"0,2","0,9",0,0,"6,3"
2401519,1988,10,0,10,1,6,"0,7","0,3",0,"1,5",0,0,"0,9"
2401519,1988,11,0,1,0,12,0,"0,3",0,"12,8",0,0,"0,8"
2401519,1988,12,0,0,2,2,0,0,0,"11,5","0,3","0,3",0
2401519,1988,13,0,0,9,0,"0,2","1,9",0,"0,5","5,1","5,1","0,3"
2401519,1988,14,0,0,"2,4",6,"0,1",0,0,0,"0,4","0,4","4,4"
2401519,1988,15,0,0,2,3,0,0,"0,2","0,8","2,7","2,7","5,5"
2401519,1988,16,"1,8",0,0,0,0,0,"2,1",0,"4,2","4,2","0,2"
2401519,1988,17,"0,9",0,0,0,0,0,"2,1",0,"1,3","1,3","1,7"
2401519,1988,18,0,0,0,0,"2,1",0,0,0,"1,8","1,8","12,9"
2401519,1988,19,"4,9",0,0,0,0,0,0,"1,9","2,1","2,1",0
2401519,1988,20,0,0,0,"19,2","0,7","2,3","4,6","0,2","9,1","9,1",0
2401519,1988,21,0,0,0,"0,4",4,0,0,0,"22,1","22,1",0
2401519,1988,22,0,0,0,"4,7","2,5","0,6","2,6","8,3","0,4","0,4",10
2401519,1988,23,0,3,0,0,"0,4","0,5",0,"7,3","6,3","6,3",0
2401519,1988,24,0,3,0,0,0,"0,5",0,"0,7","16,6","16,6",5
2401519,1988,25,0,2,0,"1,3","0,6","0,4",0,0,"14,3","14,3",4
2401519,1988,26,0,"2,7",0,0,0,"0,4",0,0,"0,2","0,2",0
2401519,1988,27,0,0,0,0,0,0,"0,6",1,0,0,0
2401519,1988,28,0,0,0,"1,6","1,5","0,4","1,3","0,5",0,0,"0,6"
2401519,1988,29,0,,"0,3",0,"0,1",0,"1,1","9,8",0,0,0
2401519,1988,30,0,,0,0,"17,2",3,"13,1","1,8",0,0,"0,4"
2401519,1988,31,0,,0,,"0,2",,"5,8",,,"7,3",
,,,,,,,,,,,,,
2401519,1991,1,0,0,0,"0,1",0,"0,1",4,"0,5",0,0,0
2401519,1991,2,"0,2",0,"13,3","0,4",0,0,"0,1","0,6",0,0,0
2401519,1991,3,0,"3,5","4,3",0,0,"0,2",0,0,"1,3",0,"0,5"
2401519,1991,4,0,"8,2","0,4",0,0,"0,1","0,6",0,0,0,"1,7"
2401519,1991,5,0,0,"18,1","6,1","6,3","0,2","3,4","2,6",0,"5,7","11,9"
2401519,1991,6,0,"5,6","27,1","0,3","5,7","3,7","4,1",0,"0,3","0,2","0,4"
2401519,1991,7,0,2,"8,8",0,"19,5","0,1","0,1","0,4",0,"20,5",0
2401519,1991,8,0,0,"5,9","1,5","0,1",0,"0,3",0,0,0,9
2401519,1991,9,0,0,"0,2","0,7",0,0,"0,2","3,4","0,6",0,"3,7"
2401519,1991,10,"1,5",0,"5,3","0,6",0,"0,4","0,6",0,0,0,5
2401519,1991,11,0,"0,1","20,4","0,2",0,"0,8","0,9",0,0,0,"1,8"
2401519,1991,12,0,0,12,4,2,"0,2","0,4",0,"0,2",0,"8,7"
2401519,1991,13,0,0,0,"0,1","6,3","3,5","0,2","1,2",0,0,"8,4"
2401519,1991,14,"0,6",0,0,"1,4",0,"1,1","1,1","1,1",0,42,24
2401519,1991,15,0,0,0,"19,4","0,1",0,"0,8","0,3",0,"0,1",9
2401519,1991,16,0,0,0,"0,1",1,"3,6","0,4","0,2",0,"5,7",8
2401519,1991,17,0,0,0,"0,2",0,"0,3",0,"0,5",4,"0,8","9,8"
2401519,1991,18,"0,3","1,2",0,"21,8",0,0,"0,1",0,"0,4",0,0
2401519,1991,19,0,"0,3",0,"0,1","7,3",0,"0,1","1,9","2,2",0,0
2401519,1991,20,0,"0,1",0,0,4,0,"0,7",0,0,0,0
2401519,1991,21,0,0,0,0,"9,1",0,0,"0,5",0,"0,1",0
2401519,1991,22,0,0,0,"1,4","0,7",0,"0,6",0,"5,3","0,6",0
2401519,1991,23,0,0,"1,2",0,"4,6",0,0,5,"6,7",0,0
2401519,1991,24,0,"2,5","0,1",0,0,"0,2",0,0,"0,5","0,2","1,8"
2401519,1991,25,0,0,"5,6",0,"1,2",0,"0,7",0,0,0,"2,1"
2401519,1991,26,0,0,"1,1","0,2",0,0,"0,6",0,"4,7",0,0
2401519,1991,27,0,0,"7,2",0,0,3,1,"0,1",0,0,0
2401519,1991,28,0,0,"2,8","0,3","0,3","0,9",0,0,0,0,0
2401519,1991,29,0,,0,0,"2,1","0,8",0,0,0,0,0
2401519,1991,30,0,,"2,5","0,3","0,2","9,1","25,6","1,3",0,"0,3",0
2401519,1991,31,0,,0,,"0,1",,0,"2,6",,0,
,,,,,,,,,,,,,
2401519,1992,1,0,"4,9",0,"3,4",0,0,0,"7,2",0,0,0
2401519,1992,2,0,"6,8",0,0,"0,4","4,8",0,0,0,0,0
2401519,1992,3,0,0,0,0,"8,7","0,5",0,"0,7","2,3",0,0
2401519,1992,4,"0,1",0,0,"2,4","3,4","0,5","0,7","0,4",0,0,0
2401519,1992,5,"0,2",0,0,0,0,0,"0,4","0,4",0,"1,3","0,5"
2401519,1992,6,"0,7",0,0,2,"6,2",0,"3,6",4,"3,2",0,"7,4"
2401519,1992,7,"0,1","3,9",0,"0,1","0,8",0,2,"1,6",0,0,0
2401519,1992,8,0,"0,8",0,0,0,"2,1","0,5","2,5",0,"8,9","0,4"
2401519,1992,9,0,0,0,0,0,"0,8","2,8","0,6","1,1","0,3",0
2401519,1992,10,0,"0,2",0,0,0,0,"0,5",0,0,0,0
2401519,1992,11,0,"0,2",0,0,"2,8",0,0,"0,2","0,3",0,0
2401519,1992,12,0,0,0,0,"0,3",0,0,0,0,"6,2","15,1"
2401519,1992,13,0,0,0,"0,3",0,"0,1","3,8","0,7","2,4",0,"16,1"
2401519,1992,14,0,0,0,0,0,"0,2",0,0,"0,1","0,3","10,9"
2401519,1992,15,0,"2,8","6,1","0,7","4,8",0,3,"16,1","1,3",0,"14,5"
2401519,1992,16,0,0,"2,7",0,0,1,"0,2","0,1",0,0,"1,4"
2401519,1992,17,0,0,0,"1,9","0,9",1,"3,4","0,2",0,0,6
2401519,1992,18,0,0,0,"3,7",0,"1,1",0,"0,2","0,2",0,2
2401519,1992,19,0,0,0,"0,5",0,"0,3",0,"0,1",0,"1,5",5
2401519,1992,20,0,"4,4","14,6","0,8",0,"0,2",0,0,0,0,0
2401519,1992,21,0,"0,3","0,1",1,0,"0,2","7,1",0,2,0,0
2401519,1992,22,0,0,0,0,0,0,"5,2","0,9","7,9",0,12
2401519,1992,23,"3,9",0,0,"0,3",0,"2,9",0,1,14,10,"3,2"
2401519,1992,24,0,0,0,0,1,0,1,0,22,0,0
2401519,1992,25,0,0,"4,8",0,0,"0,4","0,4",0,0,0,"26,6"
2401519,1992,26,0,0,0,"0,6","0,8","0,4","0,6","1,8",4,0,"0,1"
2401519,1992,27,0,0,0,0,"2,2","5,2","0,6",0,"0,4",0,"20,8"
2401519,1992,28,"0,5",0,0,0,"2,4","0,6",0,0,"12,4",0,0
2401519,1992,29,"0,3",0,0,"3,6","17,2","0,2","0,4",0,0,0,"1,8"
2401519,1992,30,"0,4",,"3,3",0,"2,4","0,2","0,4","2,8",0,0,"7,7"
2401519,1992,31,"9,5",,1,,"1,7",,"7,4",0,,0,
,,,,,,,,,,,,,
2401519,1993,1,0,"7,1",0,0,"19,6",0,"0,7",0,0,0,"1,4"
2401519,1993,2,0,"0,4","0,1",0,"19,7","0,7","9,9","0,5","0,5",0,0
2401519,1993,3,0,"4,9",0,0,"0,5","0,1",0,0,0,"1,8","3,4"
2401519,1993,4,0,"9,3","3,6",0,"32,4","0,1","7,2","0,3",0,0,"13,2"
2401519,1993,5,"6,5",0,"1,5","7,1",12,0,"3,4",0,"0,5",0,"1,3"
2401519,1993,6,"18,8",0,0,0,"0,1","0,3",0,0,0,0,"0,1"
2401519,1993,7,0,0,0,"0,9","0,8",0,"3,5","0,6",0,0,0
2401519,1993,8,0,0,"0,6","0,2","0,1",0,0,"0,1","0,5",0,0
2401519,1993,9,0,0,"0,8","10,1","6,2",0,"1,7",0,"1,6",0,0
2401519,1993,10,0,0,0,"1,6",0,"0,8","0,2","0,9","2,8",0,"12,5"
2401519,1993,11,0,"1,5","2,1",1,"11,3","2,7",0,"0,3",0,"0,5","6,5"
2401519,1993,12,0,13,"0,6",0,"3,5",0,0,0,"11,1","0,2",0
2401519,1993,13,0,0,0,"0,9","13,4",0,"0,6",0,"15,5","0,4","2,2"
2401519,1993,14,"0,2",0,"1,5","0,2","7,1","1,9","3,6","5,7","0,7",0,9
2401519,1993,15,0,0,0,"8,3","2,9","4,8",0,0,0,"10,6","3,6"
2401519,1993,16,0,0,0,7,0,0,1,"0,1",0,0,0
2401519,1993,17,0,0,"32,9",9,3,0,0,"1,2",0,"4,5",0
2401519,1993,18,"4,9",0,"0,9","18,1","0,7","0,4",0,"0,6",0,"16,1",0
2401519,1993,19,0,0,0,1,"0,1","0,4","1,3","0,8","0,8","0,1","5,4"
2401519,1993,20,0,0,"29,4","0,2","4,8","4,5","0,4",0,0,"0,2",9
2401519,1993,21,0,0,"4,8","3,4",0,0,0,0,0,0,0
2401519,1993,22,0,0,0,"0,5",0,0,0,0,"3,3",0,0
2401519,1993,23,0,"6,8","0,2","0,6",4,"1,2",0,"0,6","0,1",0,0
2401519,1993,24,0,"0,6","0,5","0,2","2,4","0,2","1,7",1,"0,9",0,"1,4"
2401519,1993,25,0,"0,4","0,2","5,6",48,0,"0,3",0,"1,1",0,"9,9"
2401519,1993,26,0,0,6,"0,1",3,"0,3","0,4","5,2",0,0,"6,8"
2401519,1993,27,0,"1,9","8,2","6,2",0,"0,1",0,1,0,"0,3",0
2401519,1993,28,"0,7",0,0,"8,8","0,3","0,2",0,0,"1,8",0,"14,8"
2401519,1993,29,0,,0,"14,3",0,"0,7",6,0,0,"1,8","45,4"
2401519,1993,30,0,,"0,3","0,6",0,"2,3","0,3",0,0,"3,7","2,1"
2401519,1993,31,"1,6",,"0,4",,"0,3",,"0,3",0,,"12,6",
,,,,,,,,,,,,,
2401519,1994,1,0,"7,5","3,2","7,5","10,5",0,"0,2",0,"0,4",0,0
2401519,1994,2,0,"8,3","2,6","0,5",0,0,0,"2,2",0,0,2
2401519,1994,3,"9,3","0,2","2,1","0,8",0,"2,7","5,1","0,2","0,4",0,"9,6"
2401519,1994,4,0,1,0,2,0,"2,4","0,7",0,"1,2",1,"11,8"
2401519,1994,5,0,"1,7","0,4",0,"6,2",0,"3,8",0,0,0,"1,6"
2401519,1994,6,0,0,0,0,"0,2",0,12,"0,1",0,0,"2,4"
2401519,1994,7,"4,3",0,"0,3","1,7","2,3",0,5,0,0,"4,3",12
2401519,1994,8,"1,2",0,0,0,"0,3",0,"0,1",0,0,"25,8","2,4"
2401519,1994,9,"15,3",0,0,0,0,5,"0,1","2,1",0,"1,3","6,8"
2401519,1994,10,"16,3",0,0,0,"0,4",0,3,"1,1",0,"8,6",0
2401519,1994,11,0,0,"3,2",0,0,0,"0,4",0,0,"0,2",0
2401519,1994,12,0,0,"2,3","1,3",0,0,0,0,0,"13,4",0
2401519,1994,13,0,0,"7,4","1,2",0,0,0,"1,7",0,0,0
2401519,1994,14,"0,2",0,"3,2","0,5","2,3",0,"0,7","4,2",0,"1,4",0
2401519,1994,15,"9,9",0,"1,1",0,0,"0,4",0,0,"0,1",0,0
2401519,1994,16,"8,7","4,6",0,0,0,"0,6","3,6","0,2","2,9",0,0
2401519,1994,17,0,0,"0,1",0,0,1,"0,2","0,2",0,"26,8",0
2401519,1994,18,0,0,"0,1",0,"8,3","2,2","0,7",0,"0,8","3,2","2,8"
2401519,1994,19,"0,9",0,"2,3","6,3",36,0,"2,2",3,0,"4,8","2,6"
2401519,1994,20,0,"3,5",0,0,0,0,0,"3,7",0,"0,6",0
2401519,1994,21,0,"9,9",0,"1,7",0,4,"1,2",3,4,"0,9","1,8"
2401519,1994,22,0,"2,3",0,0,"3,8","0,2",0,0,2,"8,8",0
2401519,1994,23,0,"0,2","6,2",0,0,0,"0,3","4,6","18,6","1,7","3,9"
2401519,1994,24,0,"2,7",0,0,0,0,0,3,"6,7","4,4","14,7"
2401519,1994,25,0,"9,5",0,"9,7","1,6",0,0,0,4,0,"2,5"
2401519,1994,26,0,"24,5",0,"0,6",20,"0,4",0,0,0,"0,3",0
2401519,1994,27,0,"0,8","9,8","2,9",6,"1,3",0,0,"1,1","1,4","1,5"
2401519,1994,28,"0,2","0,3",0,0,0,"3,7",0,0,0,0,"6,7"
2401519,1994,29,"1,4",,0,"2,8",0,0,0,"0,6",0,0,0
2401519,1994,30,0,,0,"7,8",0,0,0,"0,1",0,0,0
2401519,1994,31,"1,2",,"6,2",,0,,0,0,,"0,1",
,,,,,,,,,,,,,
2401519,1995,1,0,0,0,0,0,"0,1",0,"18,7",0,0,"16,5"
2401519,1995,2,0,0,0,0,"0,5",0,4,"0,9",0,0,0
2401519,1995,3,0,0,0,0,0,"0,3","0,8","2,2",0,0,"17,4"
2401519,1995,4,0,0,"1,1",0,0,0,"0,7","5,6",0,0,"3,5"
2401519,1995,5,0,0,0,0,"0,5","1,1",0,0,0,0,0
2401519,1995,6,0,0,0,0,"2,2","7,7",0,0,0,0,"0,4"
2401519,1995,7,0,0,"7,2",0,"23,4","11,6",0,0,0,3,"6,8"
2401519,1995,8,0,0,"0,6","15,3","0,1","0,8",7,"0,7","0,3","0,5","10,2"
2401519,1995,9,0,0,16,0,"0,5","3,5","1,2","0,7","0,3","0,1",5
2401519,1995,10,0,0,"11,5",0,"0,5",0,0,"13,8",0,4,0
2401519,1995,11,0,0,"13,5",0,"0,4",0,"0,1","7,9",0,"2,8","0,5"
2401519,1995,12,0,0,"20,1",0,0,2,0,1,0,"6,6",0
2401519,1995,13,0,0,0,0,"0,5","0,9",0,"1,6","8,5","4,7","18,4"
2401519,1995,14,0,0,"2,9","5,9","0,3",2,"2,7","8,2",0,0,"0,3"
2401519,1995,15,0,0,0,"0,2",0,"0,7",0,"9,2",0,0,0
2401519,1995,16,"2,4",0,0,0,0,0,"0,3","32,3",0,0,"0,5"
2401519,1995,17,0,0,"0,5","3,9",0,0,"1,5","1,5",0,0,0
2401519,1995,18,0,0,0,"2,5","1,5",0,"3,8",0,0,"3,7",1
2401519,1995,19,"0,1",0,0,"15,6",0,0,"0,1","6,5",0,"1,9",0
2401519,1995,20,"0,5","8,3",5,"4,2",0,0,2,0,0,"2,6",0
2401519,1995,21,"0,5","11,1",6,8,0,"0,8",0,"7,4","18,6","11,1","3,4"
2401519,1995,22,0,0,0,0,0,"3,8",0,0,"0,4","1,3","4,5"
2401519,1995,23,0,"0,8","5,3",0,"0,1","1,8",0,10,0,0,0
2401519,1995,24,0,"0,2",5,"16,5","0,6","5,2","2,4",0,0,0,"0,6"
2401519,1995,25,0,"0,1","20,9",4,"1,8",0,"1,2","1,7",0,0,0
2401519,1995,26,0,0,0,"0,6","4,2",1,"4,2","1,3",0,"3,2",0
2401519,1995,27,0,0,0,0,"20,1",0,"2,5",0,0,"1,8",0
2401519,1995,28,0,"1,5","6,2",0,0,"0,4","5,2",0,"1,8",0,0
2401519,1995,29,0,,"0,2","3,2",0,"0,3","0,3",0,"16,6","0,8",0
2401519,1995,30,0,,0,0,0,0,"2,2",0,"0,7",1,0
2401519,1995,31,0,,0,,"0,6",,0,"1,3",,0,
,,,,,,,,,,,,,
2401519,1996,1,0,"2,6",0,0,0,"0,9",0,0,0,0,0
2401519,1996,2,0,0,0,0,0,"35,3",0,0,"0,2",1,0
2401519,1996,3,0,"0,2",0,"6,4",0,0,0,0,0,0,0
2401519,1996,4,0,0,12,0,"4,5",0,0,0,"0,1","1,3",0
2401519,1996,5,0,0,8,0,0,0,0,"0,3",0,33,0
2401519,1996,6,0,"21,4",18,0,0,0,"6,6","1,2","1,6",0,0
2401519,1996,7,0,0,13,0,"0,5",0,"10,8",0,0,"20,1",0
2401519,1996,8,0,0,3,0,1,"0,2","1,4",3,10,"0,8","18,3"
2401519,1996,9,0,"0,2",44,0,"1,5","0,4","0,7","0,5",0,0,"1,6"
2401519,1996,10,0,"0,7",9,"5,7","0,6",0,"0,7","0,9",0,0,"0,5"
2401519,1996,11,0,0,7,"0,2",3,"0,6",0,"0,8",0,"11,2",0
2401519,1996,12,0,"1,7",0,"1,6","0,2",0,0,0,0,"0,7",0
2401519,1996,13,0,0,0,0,"17,2",1,"0,2",0,"2,3",0,0
2401519,1996,14,3,0,0,0,0,0,"4,9","3,7",0,"9,3","2,2"
2401519,1996,15,1,0,0,"0,9",0,2,"0,2",0,0,"2,3",0
2401519,1996,16,0,0,0,"0,6",0,"1,2","2,1","0,1",0,0,"1,2"
2401519,1996,17,0,"1,8",0,0,"15,4","4,8","0,8",0,"0,6",0,0
2401519,1996,18,0,0,0,"0,4",13,"2,6",0,"4,5",0,"1,6","0,1"
2401519,1996,19,0,0,0,"23,9",1,"1,9",0,"0,3","0,6","2,6",0
2401519,1996,20,0,"2,6",0,"1,6","0,9",0,"0,9",0,0,"0,5",0
2401519,1996,21,14,0,0,"13,9",9,"0,8",0,"0,3",0,"40,8",0
2401519,1996,22,"1,2",0,"8,3","2,2","0,9","0,6",0,"1,7",0,0,"6,7"
2401519,1996,23,"3,3","0,3",7,"12,5","0,3","0,2",0,"0,2",0,"0,4",4
2401519,1996,24,"1,8",0,0,"3,7",10,0,"14,5","0,4",7,"5,4",0
2401519,1996,25,0,0,0,0,"3,4","0,3","0,6","1,5",0,1,"0,4"
2401519,1996,26,0,0,"0,3",0,"0,2","9,3",2,"1,7","0,1",0,0
2401519,1996,27,0,0,0,0,0,"31,2",0,"3,9","0,6","0,8",0
2401519,1996,28,0,0,0,0,0,"7,2",0,0,0,"5,1",0
2401519,1996,29,0,0,"4,6",5,"0,7",17,"0,3","3,1",0,"1,8","8,6"
2401519,1996,30,0,,"2,6",0,0,0,"0,7",0,3,0,"11,2"
2401519,1996,31,0,,0,,0,,0,"0,6",,"0,6",
,,,,,,,,,,,,,
2401519,1997,1,"6,4",0,0,"6,9","0,4",0,0,0,0,"3,9",0
2401519,1997,2,"0,2","0,1",0,20,0,"2,4","1,9",0,0,"1,7",0
2401519,1997,3,0,0,0,"0,2","1,5",0,"0,8",0,0,0,0
2401519,1997,4,0,0,0,1,"1,2","8,3","4,1",0,0,0,0
2401519,1997,5,"0,1","1,1",0,"0,2",1,0,"0,8",0,"7,8",0,0
2401519,1997,6,0,0,0,"6,6",0,0,"2,3","0,8",0,0,0
2401519,1997,7,0,0,0,"0,3",0,"2,1","1,4",0,0,0,"3,2"
2401519,1997,8,"1,2",0,"0,3",0,0,"4,4","1,5",0,0,0,"0,4"
2401519,1997,9,3,0,0,0,0,"5,6","3,9","0,7","10,6",0,"0,1"
2401519,1997,10,"6,4","0,2",0,3,"0,1",0,"0,1",0,0,0,"0,5"
2401519,1997,11,"12,2","1,7",0,1,"1,7","2,6",1,"0,2",0,"0,2","5,5"
2401519,1997,12,0,"4,8","2,8",0,"0,4",0,"0,2","0,7",0,"2,6","0,3"
2401519,1997,13,0,0,"6,9",0,0,"2,6","1,3",0,0,"17,8",18
2401519,1997,14,0,0,"3,6",1,0,"0,6",0,"1,4",0,4,"2,1"
2401519,1997,15,"0,2",0,"8,7",0,0,0,"0,2","2,8",0,"21,6",0
2401519,1997,16,"10,4",0,0,0,0,"1,8","0,6",0,0,"7,8","0,3"
2401519,1997,17,"5,7",0,"1,1",0,"0,3",0,0,0,0,"6,6","0,5"
2401519,1997,18,0,0,"1,6",0,0,"3,9",0,"0,5",0,"1,5",0
2401519,1997,19,0,0,0,"0,4","0,2","0,2",0,0,"0,5",0,25
2401519,1997,20,0,0,0,"3,7",1,0,0,1,0,"2,3",1
2401519,1997,21,"0,4",0,"0,5","2,7","4,4",0,"0,5",1,0,"1,2",0
2401519,1997,22,0,0,0,"8,2",0,0,"3,2","0,5","0,3",0,0
2401519,1997,23,0,0,0,"0,3",0,0,0,0,10,0,0
2401519,1997,24,0,0,0,"2,2","2,5",0,0,0,0,0,4
2401519,1997,25,0,0,"7,2","11,6","0,7","0,4",0,0,"0,1",0,1
2401519,1997,26,1,0,0,"3,3","16,4","4,5",0,0,0,0,"0,2"
2401519,1997,27,0,0,0,"0,2","0,8",0,0,0,0,0,"0,1"
2401519,1997,28,"0,4",0,0,"0,1","0,7",0,0,0,0,0,"0,3"
2401519,1997,29,0,,"0,2",0,0,"2,3","0,2",0,0,0,0
2401519,1997,30,"0,9",,0,0,"0,5","21,8","0,8",0,25,0,0
2401519,1997,31,"4,9",,"10,2",,0,,0,0,,0,
,,,,,,,,,,,,,
2401519,1998,1,0,0,0,0,"19,6","1,5","1,7",0,0,0,0
2401519,1998,2,0,0,0,0,"0,9","0,2","0,8","0,1",0,0,0
2401519,1998,3,0,0,0,"1,3","12,3",0,"0,4",0,"0,3",0,"4,9"
2401519,1998,4,0,0,0,"4,3","8,8","0,1","4,2","0,6",0,"2,3","0,8"
2401519,1998,5,0,0,"0,7","0,3","3,3",0,"3,4",6,0,"3,1","6,6"
2401519,1998,6,0,0,0,"0,3","2,5",0,"1,5","6,5",0,0,"1,6"
2401519,1998,7,"0,2","0,2","2,4",0,"24,3",0,0,"0,6","3,9",0,"2,8"
2401519,1998,8,0,0,0,0,"0,4",0,"2,1","0,6","0,7","0,8",3
2401519,1998,9,"0,2","0,9","2,3",0,"0,1",0,"12,4","4,4","1,9",0,"8,7"
2401519,1998,10,0,"1,3",0,0,"3,1",0,"0,1",3,0,0,0
2401519,1998,11,0,"1,4",0,0,"15,9","0,8",1,"0,2","11,3",0,0
2401519,1998,12,0,"0,1","5,3",0,0,"0,1",0,"6,3","13,6",0,31
2401519,1998,13,0,"0,1",0,"6,5","0,1","0,1","1,6","0,2","2,2","14,4","4,2"
2401519,1998,14,0,0,0,"33,2","0,2","0,1","1,8",0,"2,9","3,4",0
2401519,1998,15,0,0,0,"3,9",0,"2,3",0,"3,4",0,"7,4",0
2401519,1998,16,0,"0,1",0,"4,3","0,7",1,"5,4","0,9","2,5",0,0
2401519,1998,17,0,0,0,"0,6",1,"0,3","0,5",0,0,"1,5",0
2401519,1998,18,0,"1,1",0,"4,3","0,1",0,"1,6",0,0,0,0
2401519,1998,19,0,0,0,"3,1",0,"3,1","2,7","16,8",0,"0,5",0
2401519,1998,20,0,"8,8",0,0,0,"0,8",0,"1,1","2,1","3,6","5,1"
2401519,1998,21,0,"0,1","21,2",0,0,"0,5","2,9","1,9",0,0,17
2401519,1998,22,0,0,0,"2,8","0,7","0,2","0,9",0,0,0,"0,5"
2401519,1998,23,0,"4,3","0,4","0,5","0,7","2,6",0,0,0,"0,1",0
2401519,1998,24,0,,"0,2",2,"6,2","0,1","2,5",0,"0,5","27,2",0
2401519,1998,25,0,0,0,0,"3,5","0,1","6,2","0,2",0,"36,6",0
2401519,1998,26,0,0,0,"9,9","4,2","0,3","0,1",0,"0,6",0,0
2401519,1998,27,0,0,"13,7",0,"4,1","10,3",0,"0,1",0,"0,6",0
2401519,1998,28,0,0,"1,1",0,"21,2","0,5","0,3",0,0,"8,5",0
2401519,1998,29,0,,"6,1",0,0,0,2,"0,1","0,1","31,4",0
2401519,1998,30,0,,"7,6",0,"1,4",0,"2,3","1,1","4,8","0,2",0
2401519,1998,31,0,,"9,4",,"5,4",,0,"0,3",,"0,5",
,,,,,,,,,,,,,
2401519,1999,1,0,0,0,0,0,"1,8","0,5",0,1,"1,4",
2401519,1999,2,0,"1,1","1,2",0,0,0,0,0,"0,5","6,5",
2401519,1999,3,"25,4",0,0,1,"0,4",0,"0,2",0,"0,1","3,9",
2401519,1999,4,0,0,0,"0,4","0,4","12,1","0,2",0,"4,4","3,7",
2401519,1999,5,0,"0,4",0,0,3,0,0,0,2,"11,8",
2401519,1999,6,0,"2,6","0,8",8,0,"0,2","0,4",0,"0,7","18,5",
2401519,1999,7,"1,2",0,"3,5","13,2",0,"9,9",5,0,0,0,
2401519,1999,8,0,0,"4,5","12,4","0,3","3,9",0,"0,9",0,0,
2401519,1999,9,0,0,5,"2,5","0,1","8,4",0,0,"12,7","0,4",
2401519,1999,10,0,"0,6","1,6","1,5",0,"0,3",0,0,"24,7",0,
2401519,1999,11,"8,6",0,0,"0,3",22,"4,7",0,"0,2","4,3",0,
2401519,1999,12,"1,2","0,2",0,0,"0,9",0,0,"0,7","2,4",0,
2401519,1999,13,0,0,"12,2",0,"1,3","0,5","0,2","1,6","13,5","0,1",
2401519,1999,14,0,0,"0,1","1,6","0,5",23,"0,2",0,"9,5","0,9",
2401519,1999,15,0,0,"1,5",0,"1,2","2,8",0,0,"10,5",0,
2401519,1999,16,0,"8,4",6,0,0,"5,5",0,0,"0,4",0,
2401519,1999,17,0,"3,5","25,6",0,0,0,0,0,0,0,
2401519,1999,18,0,10,10,0,0,"4,4",0,0,0,"0,1",
2401519,1999,19,0,0,"27,8",0,"1,8","0,5","0,5",0,"1,7",0,
2401519,1999,20,"2,2","0,4",0,"0,2",0,"1,3","0,8",0,0,,
2401519,1999,21,0,28,"0,1",0,0,"1,2","1,7",0,"2,5",,
2401519,1999,22,0,"2,5","1,4",0,1,"0,6",0,"9,9","1,8",,
2401519,1999,23,0,"10,9",0,0,0,0,1,"51,8","5,2",,
2401519,1999,24,0,"9,5",0,"8,9",0,"2,4",0,"2,5",0,,
2401519,1999,25,"4,4",0,0,"0,4",0,6,0,"5,3",3,,
2401519,1999,26,0,1,0,8,0,0,"0,1","1,2","0,4",,
2401519,1999,27,"15,5","4,6",0,"0,2","0,5","9,6","0,6","4,2",0,,
2401519,1999,28,0,"0,6","0,6","0,3",2,"1,7",0,0,"7,8",,
2401519,1999,29,0,,0,0,"1,5",0,"0,5",0,0,,
2401519,1999,30,0,,0,"0,2",0,0,"3,7",0,"0,3",,
2401519,1999,31,0,,0,,0,,"0,5",0,,,
,,,,,,,,,,,,,
2401519,2000,1,,,0,0,0,0,0,"2,3",4,"0,9","13,5"
2401519,2000,2,,0,0,0,0,0,"0,6",0,0,"0,4","16,5"
2401519,2000,3,,2,0,"3,3",0,0,"2,4",6,0,"0,3",0
2401519,2000,4,,"0,1","0,6","11,4","0,5","4,8",0,"0,8",1,0,0
2401519,2000,5,,"1,7",0,"2,6",0,0,0,"0,4","1,7",0,0
2401519,2000,6,,0,"7,1",0,"0,3","0,4",0,0,"1,8",0,0
2401519,2000,7,,0,"6,3","1,6",0,"1,4",0,0,0,"0,5",0
2401519,2000,8,,4,0,0,"6,5",2,0,0,0,"0,2",0
2401519,2000,9,,"1,3","2,8","3,3","2,5","0,8",0,0,15,2,0
2401519,2000,10,,"2,2","3,9","3,4",3,0,0,"4,8","22,7",0,0
2401519,2000,11,,0,0,"1,1","9,4",0,0,1,0,"0,4",0
2401519,2000,12,,0,"3,1","13,2","3,5",0,"8,8",0,0,"0,2",0
2401519,2000,13,,"6,1",35,"7,3",0,"0,4","3,1",0,0,0,0
2401519,2000,14,,,"4,2",0,"10,2",0,0,0,"1,2",0,0
2401519,2000,15,,,0,0,0,"1,4",0,0,0,0,3
2401519,2000,16,,,0,0,0,"6,5",0,2,"0,5",0,0
2401519,2000,17,,,0,1,3,"0,6",3,2,"1,7",0,"2,5"
2401519,2000,18,,,0,0,"0,5","1,6","26,7","1,2","1,4",0,"14,7"
2401519,2000,19,,,6,"2,2","7,7",0,"5,8",0,"0,9",0,0
2401519,2000,20,,,"10,5",0,0,0,0,0,"6,9",0,"3,5"
2401519,2000,21,,,0,0,"1,1",0,0,0,"9,3",0,0
2401519,2000,22,,,"11,6","2,1",2,"1,2",0,1,"2,7","3,7",0
2401519,2000,23,,,"3,2",0,"1,5",8,0,0,"19,4","10,5",0
2401519,2000,24,,,"6,4",0,"2,5","37,3","2,5",0,0,"17,5",0
2401519,2000,25,,,"3,2",0,"0,5",0,"0,5","0,6",0,"4,8",0
2401519,2000,26,,,"5,3",0,0,0,"2,4","0,2","3,9","24,5",0
2401519,2000,27,,,"10,9",0,0,"2,9",0,"0,1",12,"15,3",0
2401519,2000,28,,,0,0,0,0,"2,6","1,2","0,6",0,6
2401519,2000,29,,,0,0,"0,2",0,"0,3",0,"0,6",0,0
2401519,2000,30,,,0,1,"0,5",0,0,"9,2","1,5",0,0
2401519,2000,31,,,0,,"0,9",,"10,7","4,3",,18,
,,,,,,,,,,,,,
2401519,2001,1,0,0,"1,5",0,0,0,"7,5",0,0,0,0
2401519,2001,2,0,0,0,0,0,0,0,0,0,0,2
2401519,2001,3,0,0,0,0,14,"13,5",0,0,"6,4",0,"3,4"
2401519,2001,4,0,0,0,0,"1,5",0,0,3,0,0,0
2401519,2001,5,0,0,0,0,3,0,0,0,3,0,0
2401519,2001,6,0,0,0,0,0,0,0,0,"1,5",0,0
2401519,2001,7,0,0,0,0,0,"6,5",0,0,0,0,0
2401519,2001,8,0,0,"2,5",0,0,0,0,0,"21,3",0,0
2401519,2001,9,"3,5",0,0,0,"10,5",0,0,0,0,0,0
2401519,2001,10,0,0,0,0,"15,2",0,0,0,0,0,0
2401519,2001,11,0,0,3,0,0,0,0,"3,5",0,0,0
2401519,2001,12,0,0,22,0,0,0,0,0,"5,3",0,0
2401519,2001,13,0,0,0,0,0,"11,5",0,0,"18,9",0,9
2401519,2001,14,0,0,"1,9",0,0,0,0,1,"6,7",0,0
2401519,2001,15,0,0,0,0,"3,2",0,"6,5",1,2,1,0
2401519,2001,16,"2,3",0,"10,5",0,0,0,0,"3,5",0,0,0
2401519,2001,17,0,0,"17,5",0,0,0,0,0,0,"4,5",0
2401519,2001,18,0,0,0,0,0,0,0,0,0,"2,9",0
2401519,2001,19,0,0,"16,6",0,0,0,0,0,0,"2,5",0
2401519,2001,20,0,0,"4,5",0,0,0,0,"1,5",0,0,0
2401519,2001,21,"4,2",9,"3,3",0,"1,5",0,0,0,0,0,0
2401519,2001,22,0,0,"7,5",0,0,0,0,0,0,0,0
2401519,2001,23,0,0,"2,3",0,0,0,2,0,0,0,0
2401519,2001,24,0,0,0,0,0,0,0,0,"1,5",0,0
2401519,2001,25,0,0,0,0,4,0,0,0,0,0,"1,3"
2401519,2001,26,0,3,0,0,"10,2",0,0,0,0,0,"19,8"
2401519,2001,27,0,0,0,0,"2,4",0,0,"3,7","9,2",0,19
2401519,2001,28,0,0,0,0,0,0,0,0,"10,7",0,0
2401519,2001,29,0,,0,0,0,0,"1,5","3,4",0,0,0
2401519,2001,30,0,,0,0,0,0,0,0,0,"1,8",0
2401519,2001,31,0,,0,,0,,0,0,,0,
,,,,,,,,,,,,,
2401519,2002,1,0,0,0,0,0,0,"2,4",0,"1,9",0,0
2401519,2002,2,0,0,0,0,0,0,"1,3",0,"2,3",0,1
2401519,2002,3,0,0,0,1,0,"4,4",0,"1,2","1,9",0,"0,2"
2401519,2002,4,0,"3,8",0,0,0,"11,4",0,"5,6",0,0,"24,2"
2401519,2002,5,0,"2,5",1,0,0,"8,6","7,7",0,"1,6",0,"4,3"
2401519,2002,6,0,0,0,0,0,"2,3","12,8",0,"0,2",0,"2,9"
2401519,2002,7,0,0,0,"29,4",0,"8,4",0,"0,1",0,0,"12,7"
2401519,2002,8,0,"1,7","16,2","4,7",0,"5,4",0,"7,2",0,0,"1,9"
2401519,2002,9,0,"4,5",0,"7,2",0,"4,3",0,"0,7",0,0,0
2401519,2002,10,0,0,0,"16,7",0,0,"2,8",0,0,0,0
2401519,2002,11,0,0,0,0,0,0,"4,8",0,0,0,0
2401519,2002,12,0,"3,2",0,0,0,0,0,"0,6",0,0,0
2401519,2002,13,0,0,"7,8","12,8","19,9",0,0,"1,3",0,0,0
2401519,2002,14,0,0,0,"7,1",0,0,0,"1,4",0,"0,6",0
2401519,2002,15,0,0,11,"8,8",0,0,"1,4","0,1",0,3,0
2401519,2002,16,0,0,0,0,0,0,0,"0,1","0,5","0,1",1
2401519,2002,17,0,0,3,0,"1,3",0,0,"3,2","3,6",0,"1,8"
2401519,2002,18,0,0,"29,5",16,0,"1,5",0,0,0,0,"5,2"
2401519,2002,19,0,0,"10,2",0,0,0,"1,5","1,6",0,0,"0,1"
2401519,2002,20,0,0,0,0,1,0,0,"0,5",0,10,0
2401519,2002,21,5,0,"43,4",0,0,0,0,0,0,0,0
2401519,2002,22,0,0,0,0,"24,7","0,8",0,0,0,"0,2",0
2401519,2002,23,0,0,0,0,"3,4",0,0,"0,9",0,"6,3",0
2401519,2002,24,0,0,"3,2","5,3",0,0,"0,4","0,4","15,3","0,1",0
2401519,2002,25,0,0,0,"15,7","1,5",0,0,0,"9,3","13,6",0
2401519,2002,26,0,0,0,"16,5",0,0,0,"0,5","0,2","11,6",0
2401519,2002,27,0,0,0,0,"3,3",0,"0,9",0,"1,7","2,9",0
2401519,2002,28,0,0,"1,3","4,2","5,9",4,"0,8",0,"1,9","2,3",0
2401519,2002,29,0,,0,12,"12,8","0,8",0,0,0,"7,8",0
2401519,2002,30,0,,"6,9",0,"6,4","0,2","0,9",0,0,"0,4",0
2401519,2002,31,0,,0,,"8,1",,"2,8","0,7",,0,
,,,,,,,,,,,,,
2401519,2003,1,0,0,0,"1,6",0,,,,,,
2401519,2003,2,0,0,0,0,0,,,,,,
2401519,2003,3,0,0,0,0,"2,3",,,,,,
2401519,2003,4,0,0,0,0,0,,,,,,
2401519,2003,5,0,0,0,0,0,,,,,,
2401519,2003,6,0,0,0,0,0,,,,,,
2401519,2003,7,0,0,0,"4,4","0,4",,,,,,
2401519,2003,8,0,0,0,"11,9","1,9",,,,,,
2401519,2003,9,0,0,0,"8,9",0,,,,,,
2401519,2003,10,0,0,0,"11,3",0,,,,,,
2401519,2003,11,0,"0,1",0,0,"1,3",,,,,,
2401519,2003,12,0,"0,9",0,0,"4,5",,,,,,
2401519,2003,13,0,3,"6,4","5,2","0,1",,,,,,
2401519,2003,14,0,8,0,0,"5,1",,,,,,
2401519,2003,15,0,0,0,"22,8","1,1",,,,,,
2401519,2003,16,0,0,0,"1,7","2,4",,,,,,
2401519,2003,17,0,0,0,"0,8","2,8",,,,,,
2401519,2003,18,0,0,"1,6","23,5","2,5",,,,,,
2401519,2003,19,0,0,"0,2","1,4",,,,,,,
2401519,2003,20,0,0,"4,9",0,0,,,,,,
2401519,2003,21,0,0,"19,7","28,2",0,,,,,,
2401519,2003,22,0,0,"0,4","0,2","0,8",,,,,,
2401519,2003,23,0,0,0,0,"0,1",,,,,,
2401519,2003,24,0,0,0,0,"0,2",,,,,,
2401519,2003,25,0,0,"3,7",0,0,,,,,,
2401519,2003,26,0,0,"6,8",0,0,,,,,,
2401519,2003,27,0,0,"2,1","3,1",0,,,,,,
2401519,2003,28,0,0,"1,3",0,0,,,,,,
2401519,2003,29,0,,0,"12,6",0,,,,,,
2401519,2003,30,0,,"0,7","1,2",0,,,,,,
2401519,2003,31,0,,0,,0,,,,,,
,,,,,,,,,,,,,
2401519,2005,1,,0,0,0,6,0,0,0,1,0,0
2401519,2005,2,,0,0,"2,2","18,5",0,0,0,0,0,0
2401519,2005,3,,0,0,4,0,0,0,"5,2",0,0,0
2401519,2005,4,,0,0,0,"28,8","1,8",0,"8,5",0,0,0
2401519,2005,5,,0,0,4,13,0,"6,3",0,0,8,"4,6"
2401519,2005,6,,0,"3,7","1,7",0,0,0,0,"1,2","8,7",3
2401519,2005,7,,"8,5",0,0,0,"2,6",0,0,0,0,0
2401519,2005,8,,"14,5",0,4,0,0,0,0,0,0,0
2401519,2005,9,,0,0,0,0,0,0,0,0,0,5
2401519,2005,10,,14,"2,2","8,8",0,0,0,0,13,6,"22,1"
2401519,2005,11,,"7,8",0,0,"4,9",0,0,"4,8",5,6,20
2401519,2005,12,,10,0,8,0,0,0,0,11,0,"11,8"
2401519,2005,13,,0,0,0,"2,7",0,"23,8",0,"10,2",0,2
2401519,2005,14,,0,0,"2,9",0,"3,8","16,2",0,0,"5,5","14,1"
2401519,2005,15,,0,"2,2",0,12,0,0,0,0,0,0
2401519,2005,16,,0,0,"1,9","2,3",0,0,0,0,"8,6",0
2401519,2005,17,,2,0,0,12,0,0,0,0,0,0
2401519,2005,18,,0,0,0,"30,8",0,0,"1,6",0,0,0
2401519,2005,19,,0,0,0,"2,5",0,0,0,0,0,0
2401519,2005,20,,0,0,0,0,0,0,2,0,0,0
2401519,2005,21,,0,0,"10,2","5,7",0,0,0,0,0,"19,5"
2401519,2005,22,,0,0,0,"12,3",0,"1,2","5,7",0,0,5
2401519,2005,23,,0,4,"13,5","9,4",6,0,"1,2",0,"12,4",0
2401519,2005,24,,0,28,"9,6",3,0,13,"0,9","2,5","5,4",0
2401519,2005,25,,0,0,"2,2","3,3",0,0,"1,1","10,1",0,"7,1"
2401519,2005,26,,0,0,0,0,0,0,0,0,0,0
2401519,2005,27,,0,0,0,0,0,0,0,9,"12,5",0
2401519,2005,28,,0,0,0,0,0,0,0,0,5,0
2401519,2005,29,,,0,0,0,"6,2",0,0,"3,2","3,4",0
2401519,2005,30,,,0,0,0,0,0,"21,5","21,5",0,0
2401519,2005,31,0,,0,,0,,0,"4,8",,0,
,,,,,,,,,,,,,
2401519,2006,1,0,0,0,"3,3",0,0,,0,0,2,"8,8"
2401519,2006,2,0,0,0,0,"4,9",0,,0,0,0,0
2401519,2006,3,3,0,0,"13,2","6,5",7,,0,0,0,"1,7"
2401519,2006,4,2,0,"1,6",19,"16,1","1,5",,"3,1","1,2",0,"4,4"
2401519,2006,5,0,0,0,16,"3,2",0,,0,0,2,0
2401519,2006,6,"4,9",0,10,"8,4","9,1","10,4",,0,0,0,0
2401519,2006,7,"3,6",0,"3,8",0,0,"8,5",,"1,7",0,0,"9,8"
2401519,2006,8,12,0,"34,5",0,0,"3,3",,0,0,0,0
2401519,2006,9,0,0,"7,3","9,2","22,5","5,2",,0,0,0,"12,6"
2401519,2006,10,0,0,0,"21,2","5,4",0,,0,"1,6",0,2
2401519,2006,11,0,0,0,"9,4","2,3",6,,"1,9",0,"5,7",3
2401519,2006,12,0,0,0,9,0,"9,4",,0,0,8,"2,6"
2401519,2006,13,0,0,0,"16,5",0,"0,4",,0,0,3,"1,4"
2401519,2006,14,0,0,"3,5",0,0,0,,0,0,12,"16,3"
2401519,2006,15,"23,4",0,0,0,0,0,,1,0,"6,5","15,3"
2401519,2006,16,0,0,0,0,"2,9",0,,2,0,"5,1",4
2401519,2006,17,0,"5,4","4,1","4,3","4,8",0,,"1,9",0,2,"1,5"
2401519,2006,18,0,"7,8","4,1",0,"2,5",0,,0,"2,4",0,0
2401519,2006,19,0,0,4,"10,6",0,0,,0,0,0,"5,5"
2401519,2006,20,0,0,0,0,"9,7",0,,0,0,"6,5",0
2401519,2006,21,0,0,0,0,0,"4,2",,0,0,"4,4",0
2401519,2006,22,0,0,0,0,0,3,,0,"20,1","26,4",0
2401519,2006,23,0,0,"5,8",0,"1,7",0,,0,0,"1,7",0
2401519,2006,24,0,0,"6,7","2,5",1,0,,0,0,0,15
2401519,2006,25,0,0,"7,8",3,0,0,,0,0,"1,5","4,6"
2401519,2006,26,0,0,"2,4","16,7",0,0,,0,0,18,0
2401519,2006,27,"1,5","23,3","0,3","5,6",0,9,,"1,8",0,0,0
2401519,2006,28,"5,5",0,0,"20,2",0,0,,0,0,0,0
2401519,2006,29,0,,0,"23,3",0,0,,0,0,"3,6",0
2401519,2006,30,0,,0,"3,2",,0,,0,0,"8,7",0
2401519,2006,31,0,,"3,4",,,,,0,,,
,,,,,,,,,,,,,
2401519,2007,1,0,4,0,"1,1",0,0,"3,7",0,0,0,"1,1"
2401519,2007,2,0,0,0,0,"8,1","1,4",0,0,0,0,"8,6"
2401519,2007,3,0,0,0,"3,8",0,"12,8",0,0,0,0,"10,4"
2401519,2007,4,0,0,0,"7,8",0,0,0,0,"2,2",0,0
2401519,2007,5,0,0,0,"16,7",0,0,0,0,0,24,"1,4"
2401519,2007,6,0,0,0,"4,1",1,0,1,0,0,28,0
2401519,2007,7,0,0,0,0,0,0,0,0,0,"9,1",0
2401519,2007,8,0,0,0,"2,2","3,2","1,4","2,1",0,0,"2,7",3
2401519,2007,9,,0,"3,5",0,0,0,0,"1,9",0,0,4
2401519,2007,10,,0,0,"2,1",0,"1,1",0,0,0,"18,5",2
2401519,2007,11,,0,0,0,0,0,0,0,0,"5,2","10,6"
2401519,2007,12,,0,0,0,0,0,"2,7",0,0,4,0
2401519,2007,13,,0,0,0,0,0,0,"1,4",0,"1,6","6,2"
2401519,2007,14,,0,"5,3",30,0,"1,1",0,0,3,"6,6",0
2401519,2007,15,,"2,3","3,7",0,0,"1,6",0,"2,6","2,7",0,0
2401519,2007,16,,0,0,"2,6",0,0,0,"2,2",0,"1,5",2
2401519,2007,17,,0,0,0,0,0,0,0,3,10,"1,2"
2401519,2007,18,,0,"1,4",4,9,"1,8",0,0,0,"20,3",0
2401519,2007,19,,0,"22,5","9,5",0,0,0,"6,5",0,"1,2",0
2401519,2007,20,,3,0,"13,4",4,0,0,"1,2","1,6",0,0
2401519,2007,21,,0,0,"11,3","17,6",0,2,0,0,"27,3",0
2401519,2007,22,,0,"14,2","6,5",0,0,"6,6",0,0,0,0
2401519,2007,23,,0,"9,1",0,3,"3,8",0,5,0,"5,1","5,2"
2401519,2007,24,,"1,6","12,1",0,0,0,"1,5",0,"1,2",0,0
2401519,2007,25,,"8,6",0,"2,6","4,4",0,0,"14,8",0,0,0
2401519,2007,26,,0,"4,1","2,2",0,"3,9",0,"8,6",0,0,0
2401519,2007,27,,0,0,0,"5,9","1,1",0,0,0,"7,4",0
2401519,2007,28,,0,"8,8",0,"6,3",0,0,1,"1,5",7,"10,1"
2401519,2007,29,,,0,0,"1,6",0,0,"6,3",0,0,0
2401519,2007,30,,,1,0,0,0,0,1,0,0,0
2401519,2007,31,,,0,,"1,2",,0,0,,"15,3",
,,,,,,,,,,,,,
2401519,2008,1,0,0,0,"3,1",17,0,0,0,"2,9","1,6","6,1"
2401519,2008,2,"9,5",0,0,"1,1","1,9","1,1","5,7",0,2,0,"18,5"
2401519,2008,3,0,0,0,0,"11,2",0,0,0,"14,4",0,13
2401519,2008,4,0,0,"14,6","7,5","4,8","3,2",0,0,"35,4",0,0
2401519,2008,5,2,0,0,"10,1","16,6",0,"7,5","1,8",0,"32,5",0
2401519,2008,6,0,0,0,1,0,0,0,0,0,0,0
2401519,2008,7,0,0,0,0,1,"1,8",0,0,"2,5","2,2","5,1"
2401519,2008,8,0,0,0,0,"2,7",0,"2,6",0,0,"1,2",0
2401519,2008,9,"9,8",3,0,0,0,0,"0,5",0,2,0,0
2401519,2008,10,4,"1,4","3,1","4,2",0,"14,3",1,"5,8",0,0,0
2401519,2008,11,0,0,"2,5","5,1",0,0,0,"2,7",0,14,0
2401519,2008,12,0,0,2,"3,5",0,0,0,"3,7",0,0,3
2401519,2008,13,0,0,0,0,0,0,"1,5",0,0,0,0
2401519,2008,14,0,0,"16,2","17,5",0,0,0,0,0,0,0
2401519,2008,15,"2,2",0,0,0,0,"9,6",0,0,0,"8,8","15,4"
2401519,2008,16,"8,4",1,0,0,0,"2,1",0,"6,9","1,4",0,1
2401519,2008,17,0,16,0,0,3,"9,7",2,"10,1",0,0,"8,8"
2401519,2008,18,0,20,0,0,0,0,"15,2","7,6",3,0,0
2401519,2008,19,0,0,0,0,"3,3",0,0,0,0,0,0
2401519,2008,20,0,0,"8,2","6,3","10,9",0,0,0,0,3,0
2401519,2008,21,0,"1,3",0,0,"6,7",5,0,15,0,0,0
2401519,2008,22,0,0,0,0,19,0,0,"1,5",0,0,0
2401519,2008,23,0,0,0,"37,7","8,9",0,0,"4,6",0,0,"3,8"
2401519,2008,24,0,0,0,0,"13,2","3,5",0,"4,7",14,0,0
2401519,2008,25,0,0,"6,8",0,8,"1,5",0,0,0,"10,3","19,7"
2401519,2008,26,0,0,0,"29,5","4,1","9,6",0,0,"1,8",0,"15,9"
2401519,2008,27,0,0,0,"11,2",0,0,0,"6,4",0,0,"6,9"
2401519,2008,28,0,0,0,0,0,"2,3",0,0,"1,7",2,"8,6"
2401519,2008,29,0,,"5,6",0,"1,6",0,0,0,0,1,3
2401519,2008,30,0,,0,0,"11,4",0,2,0,0,0,"4,3"
2401519,2008,31,0,,7,,0,,1,0,,"13,5",
,,,,,,,,,,,,,
2401519,2009,1,0,0,0,0,"1,7",0,4,0,0,0,"1,6"
2401519,2009,2,0,0,0,"5,6","1,8",0,0,0,0,0,0
2401519,2009,3,0,0,0,"7,7","12,1",0,0,0,0,"1,5","3,6"
2401519,2009,4,0,0,6,0,0,0,"1,7","1,5",0,"2,5",0
2401519,2009,5,0,0,0,0,"2,6",0,0,0,0,0,"10,1"
2401519,2009,6,0,0,0,0,0,"1,5",0,"1,5",0,0,"5,6"
2401519,2009,7,"1,2",0,0,"4,1","2,9",0,"3,2","2,1","2,2",0,"1,2"
2401519,2009,8,0,0,0,"13,4",0,0,0,0,0,0,0
2401519,2009,9,0,0,0,"5,5",0,0,0,1,0,0,0
2401519,2009,10,0,0,"9,7",0,0,"4,7",0,0,0,"6,7",0
2401519,2009,11,0,0,"4,1","10,2",0,0,"2,5",0,0,"12,7",0
2401519,2009,12,0,0,0,0,0,"2,5",0,0,0,"2,2",0
2401519,2009,13,0,"1,5","5,5",0,0,0,0,0,0,"3,4",0
2401519,2009,14,0,"10,5",0,0,0,0,0,0,0,12,0
2401519,2009,15,0,0,0,0,0,"25,6","0,5",0,"18,5",22,0
2401519,2009,16,0,7,0,0,0,0,0,0,0,"1,2","15,3"
2401519,2009,17,"1,4",0,"17,7",0,"6,8",0,1,0,0,0,0
2401519,2009,18,"1,8",0,0,0,0,0,0,0,0,0,0
2401519,2009,19,"7,9",0,0,0,0,0,0,0,0,"8,2",0
2401519,2009,20,0,0,0,"4,9","9,2",0,0,0,0,"1,2",0
2401519,2009,21,0,0,0,0,"2,6","2,8",4,0,"1,5",0,0
2401519,2009,22,0,0,0,0,0,0,0,"2,6","1,1",0,0
2401519,2009,23,0,0,0,0,0,0,0,0,0,0,0
2401519,2009,24,"2,1",0,"10,3",0,0,0,0,0,0,"7,4",0
2401519,2009,25,"1,3","1,6","10,3",0,0,0,0,0,0,0,0
2401519,2009,26,0,0,4,0,0,0,0,0,0,0,0
2401519,2009,27,0,0,0,0,0,0,0,"1,5",0,0,0
2401519,2009,28,0,0,"4,7",0,0,0,0,5,0,0,0
2401519,2009,29,0,,5,0,0,"1,3","9,8","1,5",0,0,0
2401519,2009,30,0,,"2,7","1,2",0,0,0,0,0,0,0
2401519,2009,31,6,,"9,5",,0,,0,,,"6,5",
,,,,,,,,,,,,,
2401519,2010,1,0,0,,0,0,"1,3",0,"3,7","5,8",0,0
2401519,2010,2,0,0,,"3,4","15,2",0,0,0,0,1,1
2401519,2010,3,0,0,,0,"22,7",0,0,"2,7","7,4","8,8","4,2"
2401519,2010,4,0,0,,23,"7,7",0,"3,7",0,0,4,"1,6"
2401519,2010,5,0,"0,5",,"9,1","22,6",0,18,0,0,0,"2,6"
2401519,2010,6,0,0,,"6,5","3,2",0,"1,5",0,"2,2","6,9","5,5"
2401519,2010,7,0,0,,"82,5",0,0,2,0,0,0,0
2401519,2010,8,0,0,,"2,4",0,0,"11,3",0,"5,4",0,0
2401519,2010,9,0,32,,"20,5",0,"1,4",0,0,"12,5",0,"19,5"
2401519,2010,10,0,0,,0,0,0,"6,2",0,0,0,5
2401519,2010,11,0,0,,8,0,0,8,0,0,0,"4,2"
2401519,2010,12,0,0,,"17,7",0,0,13,"1,5","9,2",0,0
2401519,2010,13,0,0,,2,0,0,0,"3,6",0,0,"4,6"
2401519,2010,14,0,0,,3,0,0,0,"0,5",0,0,3
2401519,2010,15,0,0,,0,"1,8",0,"13,6","0,4",0,0,0
2401519,2010,16,0,0,0,,0,0,"16,1",0,0,0,"12,2"
2401519,2010,17,0,0,0,0,0,0,"7,5",0,0,0,22
2401519,2010,18,0,0,0,"10,1",0,"4,1","3,5",0,0,"24,3",0
2401519,2010,19,0,3,0,"1,4",2,"19,5",0,0,0,3,"4,5"
2401519,2010,20,0,0,0,0,"3,2","14,3",0,0,"2,4",0,0
2401519,2010,21,0,0,0,0,"11,2","1,9",0,0,0,"1,7",0
2401519,2010,22,0,0,0,0,"13,5",0,0,0,0,"1,9","17,4"
2401519,2010,23,0,0,0,0,"10,5",0,0,0,0,0,0
2401519,2010,24,0,"11,6",0,"4,1","5,9",0,0,0,"7,5",0,0
2401519,2010,25,4,0,0,2,"14,4",0,4,10,0,0,0
2401519,2010,26,0,0,0,"4,7","14,8",0,"1,2",0,0,"3,5","19,4"
2401519,2010,27,0,0,0,3,"2,2",0,"1,2","0,1","8,8",11,"8,5"
2401519,2010,28,0,,0,"2,1","2,8","5,5",0,0,2,4,"5,3"
2401519,2010,29,0,,0,0,0,0,0,1,"15,5",5,7
2401519,2010,30,0,,0,"5,2",0,0,"4,5",0,"7,5",0,"5,5"
2401519,2010,31,0,,0,,"6,7",,"12,6",0,,0,
,,,,,,,,,,,,,
2401519,2011,1,0,0,"18,5",0,"24,2",5,0,0,0,9,0
2401519,2011,2,0,0,"17,8",0,"4,1","24,3","9,2","22,6",0,0,0
2401519,2011,3,"30,3",0,"15,2","5,5",2,"4,5",0,0,0,10,"2,1"
2401519,2011,4,2,0,"6,5","2,5",0,0,0,0,0,0,"1,3"
2401519,2011,5,0,"4,7","2,8",0,"2,6",0,0,0,0,"21,7",0
2401519,2011,6,0,"0,5","5,5",0,0,"1,2","2,2","3,4",0,0,"9,2"
2401519,2011,7,"10,2",0,"1,5",0,0,"1,2",0,0,0,0,"1,5"
2401519,2011,8,"1,9","2,5","3,8","9,9",0,0,0,0,0,"1,2","5,6"
2401519,2011,9,"1,3","9,8",20,"9,1",0,0,0,0,"2,2",0,1
2401519,2011,10,0,0,"3,7","5,8","1,2",0,0,0,0,"4,5","7,4"
2401519,2011,11,0,"5,2",0,"8,8","3,2",0,0,0,"7,4","2,6","6,8"
2401519,2011,12,0,"2,2",0,"32,2",2,0,1,0,0,"10,3","9,6"
2401519,2011,13,0,"2,1",0,"10,1",29,0,"4,2",0,0,0,"1,6"
2401519,2011,14,0,0,0,"7,7","1,9",1,0,0,0,"6,5","16,7"
2401519,2011,15,0,0,0,0,"10,1",0,8,6,0,0,"22,4"
2401519,2011,16,0,30,0,26,"9,1",0,0,0,0,"2,4","18,2"
2401519,2011,17,0,0,0,"10,5","9,8",0,0,1,0,"3,9","22,1"
2401519,2011,18,1,0,0,"15,2",0,0,0,"4,5",0,1,"2,8"
2401519,2011,19,0,0,"7,3",28,"5,5","2,4",0,10,0,"14,5","1,2"
2401519,2011,20,0,0,"4,4","7,3",0,0,0,0,0,3,0
2401519,2011,21,0,0,"25,7",21,0,0,"1,5",0,0,0,"4,7"
2401519,2011,22,0,0,"10,2","34,1",0,0,0,0,0,0,16
2401519,2011,23,0,0,5,"1,4",0,"2,5",0,"2,5",0,10,0
2401519,2011,24,0,7,0,0,"13,5",0,0,0,1,"8,8",0
2401519,2011,25,0,"6,7","1,3",0,0,3,0,0,"1,1","7,5",12
2401519,2011,26,0,"4,6",0,0,4,1,"1,2",0,0,0,"31,3"
2401519,2011,27,0,"2,7",0,0,0,"1,6",0,"1,4",0,0,0
2401519,2011,28,"2,8",0,0,5,0,0,0,"1,2",0,0,"2,5"
2401519,2011,29,0,,0,"6,5","1,2",0,"17,3",0,0,0,"1,5"
2401519,2011,30,0,,0,"8,4",0,"5,6","11,6",0,0,"2,3","18,5"
2401519,2011,31,0,,0,,0,,0,0,,0,
,,,,,,,,,,,,,
2401519,2012,1,0,0,0,0,0,"0,2",0,"0,2","0,3",0,0
2401519,2012,2,0,0,0,0,0,"0,6","0,2",0,"0,6",0,0
2401519,2012,3,"22,5",0,0,0,0,0,0,"13,6",1,0,0
2401519,2012,4,"1,2",0,0,0,0,0,"0,4","1,4","1,1",0,0
2401519,2012,5,"7,2",0,0,"12,2","2,3",0,0,"1,8",0,"3,4",2
2401519,2012,6,"5,6","7,6","1,7","10,3","2,4",0,"1,2",0,0,"10,6",0
2401519,2012,7,0,0,0,"25,4","9,5","0,3",0,"0,2",0,"0,5",0
2401519,2012,8,"6,2",0,0,"6,2",0,"0,4",0,2,0,0,0
2401519,2012,9,0,0,0,"0,2",0,2,0,"0,2",0,0,0
2401519,2012,10,0,0,"9,4","17,8","1,6","1,4","1,5",1,"0,7",0,0
2401519,2012,11,"2,6",0,0,22,"2,9","9,9",0,0,"0,8","0,3",0
2401519,2012,12,0,"5,3",0,"21,5","1,7","0,3","14,8","7,2","2,4","0,8",0
2401519,2012,13,0,1,0,"9,1","0,4",3,"0,5",0,0,"2,7","13,6"
2401519,2012,14,0,"1,3",0,"3,7",0,0,"4,7",0,0,"1,8","1,9"
2401519,2012,15,0,0,0,20,0,"1,5","1,5",0,"0,3","0,2","10,2"
2401519,2012,16,"2,5",0,"2,8","5,2","0,4",4,0,"0,2","1,4","4,4",0
2401519,2012,17,6,0,"6,2","11,2",0,0,0,0,"0,5","7,7","4,8"
2401519,2012,18,"5,9","2,2","22,5","15,5","0,7",0,0,0,0,"2,2","0,7"
2401519,2012,19,4,0,0,"1,6","0,1",0,0,0,0,"6,6",0
2401519,2012,20,0,0,0,17,"0,8",0,0,"0,2",0,"14,4",0
2401519,2012,21,"1,4",0,11,"15,5","2,7",0,"0,2",0,0,0,0
2401519,2012,22,0,0,0,9,"0,1",0,"0,5","0,2",0,"13,6",0
2401519,2012,23,12,0,0,0,"0,7",0,"4,2",0,0,0,0
2401519,2012,24,0,0,"9,8",0,0,0,"0,9","0,4","6,4","1,1",0
2401519,2012,25,0,0,"2,4",0,"0,2","1,6",0,"0,3",0,0,0
2401519,2012,26,"1,8",0,"2,4",0,0,"2,6","2,3",0,0,0,0
2401519,2012,27,0,0,"4,8",1,0,0,"0,6",0,0,0,"3,5"
2401519,2012,28,0,0,16,"1,4",0,0,"0,2",0,0,0,"0,4"
2401519,2012,29,0,,0,"0,1",0,0,"4,8","2,4",0,0,4
2401519,2012,30,0,,0,"2,5",0,"3,9","1,3",0,"1,1",0,0
2401519,2012,31,0,,0,,0,,"1,1",0,,0,
,,,,,,,,,,,,,
2401519,2013,1,0,0,,0,"5,7","17,7","0,9","1,4",0,"17,7",0
2401519,2013,2,0,0,0,0,"17,7",0,0,"1,6",0,"0,1",0
2401519,2013,3,0,"3,7",0,0,"3,9","1,6",0,0,"1,4",3,"0,5"
2401519,2013,4,0,"1,9",0,0,"22,7","0,5",0,"1,3","2,1","1,3","13,3"
2401519,2013,5,0,"2,4",0,0,0,0,0,0,0,0,"4,4"
2401519,2013,6,0,"0,7",0,"2,9",22,0,0,0,0,0,"46,4"
2401519,2013,7,0,"2,1",0,0,"3,7","2,2","1,4",0,0,0,"10,3"
2401519,2013,8,0,"0,7",0,0,0,0,"0,2","3,2",0,0,6
2401519,2013,9,0,"4,6",0,0,0,0,"5,8",0,0,0,"39,3"
2401519,2013,10,0,"5,6",0,0,0,"0,6","2,9","5,2",0,0,"1,1"
2401519,2013,11,0,"12,9","0,2",0,"7,1","3,4","1,2","1,1",0,"0,9",0
2401519,2013,12,0,"2,5","0,4",0,0,0,0,0,"8,3",1,0
2401519,2013,13,"3,9","1,6","0,7",0,"0,2","0,3","0,2","33,3",0,0,0
2401519,2013,14,2,"2,2","18,2",0,"0,6",0,0,0,0,0,0
2401519,2013,15,"1,5",0,6,"1,2","0,5","1,3","0,6","3,6","4,7",0,0
2401519,2013,16,"13,5",0,"3,7",0,3,0,"1,1",0,"0,6",0,0
2401519,2013,17,"0,1",0,"5,2","0,3","3,1",0,"1,8","1,6","2,6",0,0
2401519,2013,18,0,0,"18,3","18,7","0,3",0,"0,3",0,"0,4",0,0
2401519,2013,19,0,"0,5","2,7",11,1,"0,3",0,"2,8",0,"1,4","1,4"
2401519,2013,20,0,0,2,"25,7","0,5","0,2","0,8",0,0,"0,8","2,3"
2401519,2013,21,0,0,17,"2,1","1,5","0,1","0,2",0,"0,3",0,"1,2"
2401519,2013,22,0,0,"2,2","3,4","3,1",0,"0,6",0,0,"10,5",0
2401519,2013,23,0,0,"5,7",1,"3,5","0,8","0,5",0,"0,6","18,1","18,5"
2401519,2013,24,0,0,0,"4,6","6,8",0,"0,1","2,9",0,0,"0,9"
2401519,2013,25,0,0,0,"19,2",0,0,"0,3","1,9","0,5",0,"7,1"
2401519,2013,26,"0,1",0,0,0,"7,3",0,0,0,0,0,"5,8"
2401519,2013,27,0,0,0,1,"0,1","1,2",0,0,0,"9,5",0
2401519,2013,28,0,"0,7",0,"13,1",0,0,0,0,0,1,"2,3"
2401519,2013,29,0,,0,"3,2",0,0,0,0,0,"5,9","6,1"
2401519,2013,30,0,,0,"47,9","5,1","1,2","1,2",0,0,"4,5","0,3"
2401519,2013,31,0,,0,,"1,8",,"1,9",0,,"0,4",
,,,,,,,,,,,,,
2401519,2014,1,0,0,"0,1","1,2",0,0,"1,4",0,"0,4",0,0
2401519,2014,2,0,0,"0,3","0,3",0,"0,4",0,2,"0,8",0,0
2401519,2014,3,0,"1,2","19,6","22,8",0,0,0,0,"3,8",0,0
2401519,2014,4,0,"3,5","5,6","5,9","2,3","1,4","0,5",0,"0,1",0,0
2401519,2014,5,0,0,"0,3",0,1,"0,4",0,0,"1,7",0,3
2401519,2014,6,"1,2",0,0,0,0,"0,5","0,5",0,"0,6",0,"5,6"
2401519,2014,7,0,0,"8,7",0,"15,1","5,7",0,0,"0,3","0,5","3,5"
2401519,2014,8,0,"0,5",0,0,9,"0,8",0,0,0,"34,7","11,8"
2401519,2014,9,"0,8",0,0,0,"4,4","1,7",0,0,0,"2,7",0
2401519,2014,10,"0,5",0,0,0,"21,1","2,2",1,"3,4",0,0,"10,5"
2401519,2014,11,0,0,"0,8",0,11,0,"0,3","0,2","0,4","1,3",0
2401519,2014,12,0,0,"4,7",0,0,0,"0,1","0,6","0,1",0,"3,3"
2401519,2014,13,0,0,"8,7",0,0,"3,6",0,"0,3","0,3",0,0
2401519,2014,14,0,0,"1,5","12,2",0,"2,1","1,7",0,0,0,0
2401519,2014,15,0,0,"1,3",2,"5,7",0,"0,3","0,8","1,6",0,0
2401519,2014,16,0,0,"0,4","14,3",0,0,"0,9",0,"0,9",0,0
2401519,2014,17,0,12,0,0,0,0,"1,8","0,4",0,"2,2",0
2401519,2014,18,0,"0,4",0,"0,6",0,"2,3",0,"0,6",0,"3,6","16,2"
2401519,2014,19,"0,3","2,2",0,0,0,0,"0,1",0,"0,2","0,5","14,2"
2401519,2014,20,0,"21,7",0,0,0,0,"0,8",0,0,"0,7",0
2401519,2014,21,0,0,0,"2,6","30,8","0,7",0,0,"0,4",0,"7,3"
2401519,2014,22,0,0,0,"5,3",0,"2,6",0,0,0,0,2
2401519,2014,23,0,0,0,22,0,"1,7",0,0,0,0,0
2401519,2014,24,"0,3","1,3",0,"2,3",0,0,"0,5",0,0,"19,5",0
2401519,2014,25,0,0,0,"0,5",0,"1,2","0,1","2,8",0,"4,7",0
2401519,2014,26,0,0,"13,4","4,7",0,0,"1,8","1,6",0,"1,2",0
2401519,2014,27,0,"8,4",0,0,"1,4",0,0,1,"0,2",0,0
2401519,2014,28,0,"11,3",0,"6,2",0,"0,4",0,"2,7",0,10,0
2401519,2014,29,"0,5",,0,"0,5",0,0,"0,2","0,7",0,"10,4",0
2401519,2014,30,"2,3",,0,0,"2,1",0,0,0,0,"3,2",0
2401519,2014,31,0,,0,,"0,2",,0,0,,0,
,,,,,,,,,,,,,
2401519,2015,1,0,0,"1,5",0,0,"0,9",0,0,0,0,0
2401519,2015,2,0,0,0,"1,6","2,8",0,0,0,0,0,0
2401519,2015,3,0,0,0,"1,3","0,1","1,2",0,"0,5",0,0,"16,2"
2401519,2015,4,0,0,0,"2,3",0,"3,1",0,"1,8",0,0,"4,5"
2401519,2015,5,0,0,0,"0,1",0,0,0,0,0,0,0
2401519,2015,6,0,"1,8",0,0,0,"3,7",1,0,0,0,"10,2"
2401519,2015,7,0,"12,8",0,0,0,0,0,,0,0,0
2401519,2015,8,0,1,0,0,0,"1,1","0,4","2,5",0,0,0
2401519,2015,9,0,"6,2",0,0,"0,4","1,3",1,0,0,0,0
2401519,2015,10,0,0,"0,4",0,0,0,"0,6","0,7",0,0,0
2401519,2015,11,0,0,0,"10,6",0,"2,3",0,"0,4",0,0,0
2401519,2015,12,0,0,0,0,0,"0,5",0,"0,7",0,0,0
2401519,2015,13,"0,3",0,0,0,0,"1,2",0,0,0,"3,3",0
2401519,2015,14,0,0,0,"1,7","0,2",0,"3,7","1,2",0,0,"0,1"
2401519,2015,15,0,0,"0,5","1,2","1,5","0,5",1,"3,4",0,0,0
2401519,2015,16,0,16,2,"3,7","0,5",0,"0,9","1,6","0,6",0,0
2401519,2015,17,4,0,10,1,"1,5","0,2","1,6",0,"1,3",0,0
2401519,2015,18,"2,3","4,7","2,3",1,"0,2","2,4","4,1",0,"1,9",0,0
2401519,2015,19,0,0,"4,6","0,6","1,1","0,4",0,0,0,0,"7,7"
2401519,2015,20,0,0,"0,6","1,3",11,"0,2",0,0,0,0,0
2401519,2015,21,"0,2",1,0,0,0,"2,8","1,8",0,0,0,0
2401519,2015,22,0,0,0,0,0,"0,5","0,6",0,0,"6,2",0
2401519,2015,23,"0,8",0,"6,5",0,0,"0,2",0,0,"0,4",0,0
2401519,2015,24,"8,7",0,0,0,0,"4,9",0,"0,3",0,0,1
2401519,2015,25,0,0,0,3,"3,4","3,3",0,"0,2",0,0,0
2401519,2015,26,0,0,0,0,0,"2,5","3,1",0,0,0,0
2401519,2015,27,1,0,0,"0,6",0,"0,6","2,2",0,0,0,0
2401519,2015,28,0,"9,6","22,3",0,"4,9","4,4","2,5",0,0,0,"0,9"
2401519,2015,29,0,,"0,3",0,0,0,"3,8",0,"4,3",0,0
2401519,2015,30,1,,"9,6",0,"0,6",0,1,"0,3",,0,0
2401519,2015,31,"0,3",,0,,"1,7",,0,,,"0,6",
,,,,,,,,,,,,,
2401519,2016,1,0,0,0,13,4,"0,2","4,3","0,1",0,"11,7","10,5"
2401519,2016,2,0,0,0,0,0,"0,2","2,9",0,0,"9,7","0,5"
2401519,2016,3,0,"1,6",0,"2,4","0,4","5,2","0,3","2,9",0,0,"3,6"
2401519,2016,4,0,"0,6",0,14,"0,2",0,0,0,"0,3",0,0
2401519,2016,5,22,0,0,"10,4",0,0,"5,3",0,0,"1,8",0
2401519,2016,6,"0,1",0,0,0,"0,7","0,2","1,7",0,"3,6","0,6",0
2401519,2016,7,0,0,"5,2","0,2",0,"1,2",0,0,"1,2","4,6","0,9"
2401519,2016,8,0,0,25,"0,5","39,7","0,9","0,5",0,0,0,"2,5"
2401519,2016,9,0,0,24,"3,9","1,8",2,0,"1,3",0,"0,4",0
2401519,2016,10,0,0,0,2,"0,1","0,4","0,3","0,1",0,0,"15,6"
2401519,2016,11,"0,3",0,"4,5","0,7",0,0,0,0,0,"1,8","9,1"
2401519,2016,12,0,0,0,"7,4",0,0,"0,7","0,1","1,1","4,1",0
2401519,2016,13,0,0,"8,1","11,5","1,9",0,0,"0,2","9,9","23,5",0
2401519,2016,14,0,0,"6,5",0,"3,3","0,3","4,1","0,3","6,6","0,8","9,3"
2401519,2016,15,0,0,0,0,0,0,"0,4","0,3","1,6","0,3",0
2401519,2016,16,0,0,0,0,1,"0,1","1,6",0,0,0,"0,4"
2401519,2016,17,0,0,"4,9",0,0,"0,4","0,7","0,1",0,0,"3,1"
2401519,2016,18,0,"0,4",0,0,0,"0,4",0,"0,4","2,7",0,"4,7"
2401519,2016,19,0,0,0,0,0,"1,6","0,7",0,0,0,8
2401519,2016,20,0,0,0,0,"0,2",0,0,0,"3,7",0,0
2401519,2016,21,0,"0,3",0,"0,1",0,0,0,"4,5",0,0,0
2401519,2016,22,0,0,0,"1,7","0,4",0,"1,5",0,"0,1","4,6","1,3"
2401519,2016,23,0,0,0,6,"8,5",0,"1,6",0,0,0,0
2401519,2016,24,0,0,0,"31,5",0,0,"2,1",0,"0,2","15,4","0,3"
2401519,2016,25,0,0,0,"24,5","0,6","0,5",0,"0,4",0,"15,8","3,6"
2401519,2016,26,0,0,0,0,"0,8","0,4","1,2","0,1",0,"8,2","0,6"
2401519,2016,27,0,0,0,0,"0,8",0,"6,4",0,0,"4,8","0,7"
2401519,2016,28,0,0,0,13,1,0,0,0,0,"3,5","5,1"
2401519,2016,29,0,0,28,"5,4","1,3",2,0,0,"1,7","3,6","0,6"
2401519,2016,30,0,,2,0,"11,3","2,8",0,"2,2","2,3",0,0
2401519,2016,31,0,,0,,"0,2",,0,"8,9",,"7,4",
,,,,,,,,,,,,,
2401519,2017,1,0,1,"2,2",0,0,0,0,0,"3,7",0,"0,6"
2401519,2017,2,0,0,0,0,"0,2",0,0,0,0,"9,5",4
2401519,2017,3,0,0,0,0,"8,6",0,0,0,0,0,"23,9"
2401519,2017,4,0,0,0,0,0,"1,8","1,5",0,0,0,1
2401519,2017,5,"3,1",0,0,0,"2,6",0,"1,3",0,0,0,"0,1"
2401519,2017,6,0,0,"0,8",0,0,3,0,0,0,0,"0,5"
2401519,2017,7,0,0,"6,3",8,"1,7","0,3",0,0,"1,7",0,"0,1"
2401519,2017,8,"7,7",0,"12,3","1,2","18,6","9,4",0,"1,3","2,6",0,0
2401519,2017,9,"0,4",0,0,"0,3","8,5","17,3",1,0,0,"1,3",0
2401519,2017,10,0,0,"0,2","6,5",1,0,"3,4",0,2,0,"5,1"
2401519,2017,11,"2,8","0,6","8,7",0,"28,2","6,3","1,3",0,0,0,0
2401519,2017,12,0,0,"2,7","10,2","2,8","7,3",0,0,"0,7",0,0
2401519,2017,13,"2,7",0,"1,1",0,"1,4",3,0,0,0,0,0
2401519,2017,14,"2,5",0,"5,2","3,6","25,6",0,0,0,0,0,0
2401519,2017,15,0,0,"0,6",0,10,"9,8","5,2",0,"0,2","0,7","11,3"
2401519,2017,16,0,0,0,0,0,0,"1,3",0,0,0,"2,4"
2401519,2017,17,"1,3",0,"1,3","2,6",0,"2,4",0,"1,3",0,0,"0,1"
2401519,2017,18,"6,4",0,0,"6,6",0,"2,3",2,"3,2",0,0,"4,8"
2401519,2017,19,"5,7",0,"1,7","0,7",0,"1,7",0,15,0,0,"5,3"
2401519,2017,20,0,"0,1",5,"3,8","0,6",1,0,0,8,0,19
2401519,2017,21,0,0,"1,3","1,1","0,8",0,0,"2,7",0,"0,3",0
2401519,2017,22,0,0,"1,4",0,"3,4",0,0,0,0,0,0
2401519,2017,23,0,0,"11,7",0,0,0,0,1,0,0,"18,8"
2401519,2017,24,"0,4",0,"7,9","0,2",0,0,0,0,0,0,7
2401519,2017,25,"2,8","3,3","38,6","14,2",0,0,0,"2,1",0,0,1
2401519,2017,26,1,6,"7,8",0,0,"3,3",0,"0,4",0,0,0
2401519,2017,27,0,"0,1","21,3",0,0,0,0,0,"0,6","9,3",0
2401519,2017,28,0,"8,5",7,"0,5",0,0,"0,8",0,0,"4,7",0
2401519,2017,29,0,,0,"0,7","0,5","0,3",0,"0,9","1,4","2,2",0
2401519,2017,30,"0,8",,1,"0,7","1,7","0,2",0,"1,2",0,"6,3",0
2401519,2017,31,0,,0,,0,,0,0,,"15,7",
,,,,,,,,,,,,,
2401519,2018,1,"4,7","1,7",0,"3,1","6,5","1,7","1,6","0,5",0,"21,3",0
2401519,2018,2,"2,3","25,4",0,"47,5",0,"0,8",0,0,0,"0,5",0
2401519,2018,3,0,"0,9",0,"13,2","14,5","5,7","0,4","6,8",0,"0,7",0
2401519,2018,4,0,0,0,"3,5",0,"1,6","1,5","3,3","0,4",0,"5,7"
2401519,2018,5,"0,5",0,0,"8,5","2,1","1,6",0,0,0,0,"4,2"
2401519,2018,6,0,0,"1,2","2,5","0,3","3,1","0,9",0,0,"1,2","4,5"
2401519,2018,7,"0,1",0,0,"1,2","6,3","0,2",0,0,2,0,0
2401519,2018,8,2,0,0,0,"9,3","1,3","4,2","0,2",0,"0,2","11,6"
2401519,2018,9,"4,7",0,0,6,"0,4","0,4",0,0,0,19,"7,7"
2401519,2018,10,"0,3",0,0,"16,5","1,7","1,2","1,7",0,0,"13,5",29
2401519,2018,11,"0,1",0,0,"0,3","9,6","2,3","0,2",0,"1,5","2,5","2,7"
2401519,2018,12,"0,5",10,0,"12,5",0,0,"0,1","1,4","15,6","13,5",0
2401519,2018,13,"6,1","7,2",0,"20,5","1,2","0,4","0,7","0,7","12,5",0,"0,4"
2401519,2018,14,"1,9","7,9",0,0,2,0,"0,1","1,7","1,2",0,0
2401519,2018,15,0,0,0,0,"12,6","2,8","0,3",0,"1,7","2,3",0
2401519,2018,16,0,0,0,"0,1",0,"3,4","0,8","1,5",0,0,26
2401519,2018,17,"14,7","0,8",0,"0,2",0,"0,1","0,4",1,0,0,4
2401519,2018,18,"2,4",0,"3,7","0,1",0,0,"0,1","0,5",0,7,"1,5"
2401519,2018,19,0,0,"17,5",0,0,0,"3,8",0,0,0,"4,7"
2401519,2018,20,0,0,0,"0,7","2,2",0,0,"0,3",0,"3,3",0
2401519,2018,21,0,"6,5",0,"0,6",0,"0,4","0,2",0,"0,9",0,"16,3"
2401519,2018,22,0,"0,3",1,"4,4","0,1","4,4","0,2","0,3",0,"13,9","0,3"
2401519,2018,23,0,"2,2",21,0,"0,3","1,3","1,1",0,0,0,0
2401519,2018,24,0,0,"0,2",0,"6,1","0,7","4,6",0,"0,1",0,"3,8"
2401519,2018,25,0,0,"0,4","13,5","1,5",0,0,"0,8","0,2",2,0
2401519,2018,26,0,0,3,1,"0,6","0,5",0,1,2,0,0
2401519,2018,27,0,0,0,"8,9","1,6","0,7","4,2",0,"0,6",0,0
2401519,2018,28,0,0,5,"15,6","2,6","0,6",0,0,0,"30,2",0
2401519,2018,29,0,,"0,2","1,4","0,2","0,2","1,1","0,2",0,0,6
2401519,2018,30,0,,2,0,"0,2","0,7",0,0,0,0,"3,5"
2401519,2018,31,0,,"28,5",,0,,"1,4",0,,0,
,,,,,,,,,,,,,
2401519,2019,1,0,6,0,"10,4",0,"2,6","6,7","0,1",0,0,"25,4"
2401519,2019,2,0,0,"2,6","12,5",0,0,0,"2,5",0,"10,8",0
2401519,2019,3,0,0,0,"0,1","1,2",0,0,"5,4",0,"12,2",0
2401519,2019,4,0,0,"3,2","1,2",1,"3,9",0,0,0,0,0
2401519,2019,5,0,0,"6,9","16,2","0,1",0,1,0,0,0,0
2401519,2019,6,0,"0,5",0,13,"0,2","6,4",0,0,0,"1,6",0
2401519,2019,7,0,0,0,"0,5","0,7","1,2","2,8",0,0,"0,3","0,2"
2401519,2019,8,0,"2,7",0,0,"7,6","0,1",0,"0,1",0,0,0
2401519,2019,9,0,0,0,"2,4","6,3","4,1",0,0,0,0,"0,4"
2401519,2019,10,"0,7",0,"2,8","10,7","0,1","4,4","1,4",0,0,"0,7","22,6"
2401519,2019,11,0,0,"9,5","0,6","9,6",1,0,"0,3",0,"29,5",52
2401519,2019,12,0,0,0,0,"0,8",0,"0,1","2,8","1,1",0,"1,6"
2401519,2019,13,"2,9",0,0,0,"2,6",0,"0,6",0,0,0,"3,5"
2401519,2019,14,0,0,0,21,"0,1","0,2","0,4",0,"0,3","0,2",0
2401519,2019,15,0,0,"13,5","1,4","0,1",0,0,0,"0,2","3,1","0,1"
2401519,2019,16,0,0,"0,4",0,"0,9","0,4",0,"0,2",0,"1,8",0
2401519,2019,17,0,"2,4",0,0,4,0,"1,4",0,0,"1,6",0
2401519,2019,18,0,0,0,0,1,0,"1,2",0,"2,6",30,0
2401519,2019,19,0,"0,6","3,4","0,6",0,"1,5","0,5",0,"3,4","0,3",0
2401519,2019,20,0,0,"2,1","14,8",0,1,"2,1",0,"9,8",0,0
2401519,2019,21,0,0,"14,6","20,4",0,"1,3","0,2",0,0,"0,2","20,3"
2401519,2019,22,0,0,0,16,0,0,2,0,0,"2,7","34,5"
2401519,2019,23,0,"3,6",0,"4,9","12,5","4,5","0,1",0,0,12,"7,8"
2401519,2019,24,0,"7,5",0,"0,2","2,8","9,7","0,6",0,"32,2",0,0
2401519,2019,25,0,0,0,"0,1","3,2",0,"0,3",0,0,0,"0,3"
2401519,2019,26,0,0,0,"2,5",0,0,"3,8",0,0,0,0
2401519,2019,27,0,0,0,"0,1",0,0,"0,3",0,0,0,0
2401519,2019,28,10,0,"0,5","2,5","2,8","1,2",0,0,"29,2",0,0
2401519,2019,29,0,,"29,5",0,0,"0,2",0,0,0,0,0
2401519,2019,30,0,,0,0,"2,1","3,8",0,0,0,0,0
2401519,2019,31,0,,0,,14,,"0,2",0,,0,
,,,,,,,,,,,,,
2401519,2020,1,0,0,0,"10,8",0,0,6,0,2,0,"3,8"
2401519,2020,2,0,0,0,"0,1",0,0,"0,6",0,"2,7",0,0
2401519,2020,3,0,0,0,0,0,0,"3,8","0,1","0,2","0,6",0
2401519,2020,4,0,0,0,0,0,0,"4,3",0,"0,1",0,"12,3"
2401519,2020,5,0,"0,1",0,0,0,"1,3",8,0,"3,7",0,"2,5"
2401519,2020,6,0,"0,3",0,"3,5","16,8",8,"1,4","0,2",0,0,"0,4"
2401519,2020,7,0,0,0,0,0,0,"2,7","0,5","4,3","1,5","1,2"
2401519,2020,8,0,0,0,0,0,0,0,0,0,"0,7",1
2401519,2020,9,0,0,0,0,"0,3",0,"0,3",0,"0,2",0,"14,2"
2401519,2020,10,0,0,"10,1",0,0,"9,8","0,1",0,0,0,"24,3"
2401519,2020,11,0,0,3,"1,4",0,17,"0,8",0,0,0,"12,3"
2401519,2020,12,0,0,0,0,"5,2","1,3","5,5",0,0,"0,1",29
2401519,2020,13,0,0,0,"0,9",0,0,"1,6","0,1",0,0,"7,9"
2401519,2020,14,0,"0,1","3,7",0,0,0,"0,1",0,"0,1","0,1",0
2401519,2020,15,0,0,"1,3",0,0,0,"0,9","4,8","0,8",0,"16,4"
2401519,2020,16,0,0,0,"0,6",0,"4,1","2,5",0,"2,9",0,"14,8"
2401519,2020,17,0,0,0,"0,3",0,0,0,"0,7","3,1",0,"15,5"
2401519,2020,18,0,0,0,0,0,0,"2,8","1,2",0,0,"3,5"
2401519,2020,19,0,0,"3,2",0,0,"0,2","0,1","1,5",13,0,"0,1"
2401519,2020,20,0,0,7,"15,2",0,7,"0,3",1,0,"0,6",0
2401519,2020,21,"23,4",4,"3,5","0,6",0,"0,2","0,4","0,3",0,0,0
2401519,2020,22,0,"10,4","3,8","20,4",0,"1,5",0,"0,8",0,0,0
2401519,2020,23,0,"9,2","4,8",0,0,0,0,23,"0,3","1,5","5,7"
2401519,2020,24,0,"12,5",4,0,0,0,"4,2",0,"0,3",0,3
2401519,2020,25,0,"1,7","9,7",0,0,0,"2,5",0,"0,2",1,"2,4"
2401519,2020,26,"6,1","0,5",0,0,"2,5","0,2","0,4",0,"1,6","9,8",5
2401519,2020,27,"1,9","0,3",0,0,0,"6,3",0,0,0,0,"18,9"
2401519,2020,28,0,0,0,0,0,"0,1",0,0,0,3,26
2401519,2020,29,"7,2",0,0,0,0,0,"1,4",0,0,"5,7",0
2401519,2020,30,"0,1",,"0,1","1,8",8,0,0,0,"0,4","0,1",0
2401519,2020,31,0,,1,,"5,9",,0,4,,"4,5",
,,,,,,,,,,,,,
2401519,2021,1,0,0,0,0,"8,2",0,0,0,0,0,"3,5"
2401519,2021,2,"0,5",0,"0,3",0,"12,8",0,0,0,0,0,"4,3"
2401519,2021,3,0,0,"5,4","9,2",17,14,0,0,0,0,"7,3"
2401519,2021,4,0,"2,6","1,4","1,2","1,4",0,0,0,0,"1,3","5,8"
2401519,2021,5,"3,7",0,0,"6,5","10,2",0,0,0,0,2,"3,7"
2401519,2021,6,"0,1","14,3","0,3",1,"6,5",4,0,0,0,0,0
2401519,2021,7,0,"0,4","0,2","1,1","1,7",0,0,0,0,0,0
2401519,2021,8,"0,5",0,0,"0,5","1,6",4,0,"5,4",0,0,"8,5"
2401519,2021,9,0,8,"3,8","0,6",3,23,0,0,0,0,"4,5"
2401519,2021,10,0,0,"0,8","0,8",0,2,0,0,"2,3",29,"2,2"
2401519,2021,11,0,0,"3,2",0,0,0,0,"2,2","3,1","1,1",0
2401519,2021,12,0,0,"4,6",1,0,"58,7",0,0,0,0,0
2401519,2021,13,0,0,"1,7",0,0,"2,4",0,0,0,0,0
2401519,2021,14,0,"0,9",0,"0,4",0,7,0,"12,8",0,"14,5",0
2401519,2021,15,0,"0,5","14,2",0,0,"5,4",0,"7,7",0,"7,9",9
2401519,2021,16,0,"0,6","1,2","0,5","2,8",1,"4,9","1,5",0,"17,2","1,7"
2401519,2021,17,0,"0,1","20,2",0,"6,6",0,0,"1,4",0,0,0
2401519,2021,18,0,0,"4,6",0,0,0,0,"4,6",0,0,0
2401519,2021,19,0,0,0,0,0,"1,5",0,"7,7","5,2",0,0
2401519,2021,20,0,0,1,0,0,"5,8",0,0,0,5,"4,3"
2401519,2021,21,0,"0,2",0,0,0,0,0,0,0,0,0
2401519,2021,22,0,0,"0,1","4,3",0,0,"1,2",0,"4,2","1,5","2,5"
2401519,2021,23,0,0,"0,5",0,0,0,0,0,0,0,"23,4"
2401519,2021,24,"0,3",0,3,0,7,0,"3,5",0,"1,4",0,"17,3"
2401519,2021,25,0,0,0,0,"1,2",0,"11,3",0,0,"44,2",1
2401519,2021,26,0,0,"1,5","2,8",0,0,4,0,0,0,4
2401519,2021,27,0,"1,6","0,8","1,7",0,0,0,"3,5",0,"6,5","9,3"
2401519,2021,28,0,0,0,"14,4","3,7","2,7",0,0,0,"2,7","2,5"
2401519,2021,29,0,,1,"28,1","8,4",0,"2,8",0,"1,3","13,2",0
2401519,2021,30,0,,0,"4,3","6,6",0,0,0,"2,5","1,4",0
2401519,2021,31,0,,0,,10,,0,"6,1",,"9,8",
,,,,,,,,,,,,,
2401519,2022,1,0,0,"1,9",0,"4,5","0,2","0,2","0,6","3,3",0,"1,3"
2401519,2022,2,0,0,"9,5",0,0,"8,6","0,1","3,2",0,0,8
2401519,2022,3,0,0,26,"2,7",0,"8,8",5,0,"0,3",0,0
2401519,2022,4,0,9,"5,8",0,0,22,"0,2",0,0,0,"3,7"
2401519,2022,5,0,"5,2","3,1","2,5","0,6","3,3",0,"3,8","0,2","0,9","17,5"
2401519,2022,6,0,0,"2,2",0,11,17,0,"0,2",0,"6,7","16,1"
2401519,2022,7,0,0,0,0,"7,5","1,9",0,0,0,0,24
2401519,2022,8,0,0,"2,4",0,"23,3","0,4","1,2",0,0,"0,2",0
2401519,2022,9,0,14,"0,3",0,0,"4,2",0,"1,5",0,0,"22,3"
2401519,2022,10,0,"1,3","3,1",0,17,"4,3",0,"0,6",0,0,2
2401519,2022,11,0,0,2,0,"3,3",0,4,0,0,0,"0,5"
2401519,2022,12,0,"1,9","16,2",0,0,9,"0,3","4,3","9,2","0,2","1,1"
2401519,2022,13,"4,4",16,1,0,1,0,0,"3,6",0,2,"7,9"
2401519,2022,14,0,"10,2","3,8",0,"2,6",0,4,2,0,0,"0,2"
2401519,2022,15,0,0,"1,8",0,"3,1",0,"0,3",0,"0,9",0,0
2401519,2022,16,0,0,0,"1,6","0,8",0,"0,1",6,"5,4",0,0
2401519,2022,17,0,0,"9,5",0,1,0,"0,2",0,0,"13,5",28
2401519,2022,18,0,0,"0,3","13,6","3,5","3,4",0,0,0,"11,4","18,6"
2401519,2022,19,0,0,0,50,"10,2","13,7","1,5",0,14,"17,3",0
2401519,2022,20,0,0,"0,5",0,"0,3",0,0,0,"0,6",0,"15,7"
2401519,2022,21,0,"4,4",0,"2,3",0,0,0,0,"0,1",0,"0,2"
2401519,2022,22,0,0,"9,5",0,0,0,0,"0,1","5,4","8,8",0
2401519,2022,23,0,0,0,0,"7,1",0,"3,2",0,"5,5","12,8",0
2401519,2022,24,0,0,0,"4,5",0,"3,3","0,3",0,"0,3","0,3","9,5"
2401519,2022,25,0,"0,3",0,"3,3","0,2","1,8","6,5",0,0,"8,3","6,1"
2401519,2022,26,0,0,"15,3","10,5",3,"8,7","5,6","0,1","0,4","9,4",0
2401519,2022,27,0,"2,7","5,3","8,3",0,0,"0,4",0,0,"11,7","1,1"
2401519,2022,28,0,"17,5",0,"3,2",0,"7,2","0,6","0,2",0,"5,2","13,1"
2401519,2022,29,0,,0,0,"0,4","10,5",0,0,"22,8","0,9","16,8"
2401519,2022,30,0,,0,"0,1",1,0,0,0,"4,1",0,0
2401519,2022,31,0,,0,,14,,"0,2","0,6",,"0,6",
,,,,,,,,,,,,,
2401519,2023,1,"0,6",0,"0,4","2,1",0,"0,4",,,,,
2401519,2023,2,"0,6",0,0,0,0,0,,,,,
2401519,2023,3,0,0,0,0,0,0,,,,,
2401519,2023,4,"0,4",0,"0,1","6,5",0,"5,2",,,,,
2401519,2023,5,0,0,"0,1",28,0,"8,8",,,,,
2401519,2023,6,0,0,"2,5","1,7",0,0,,,,,
2401519,2023,7,"18,8",0,"16,7",3,0,3,,,,,
2401519,2023,8,0,0,"1,5","4,7",0,"6,3",,,,,
2401519,2023,9,4,0,"9,3",0,"0,1",0,,,,,
2401519,2023,10,"10,4",0,0,"0,1",0,0,,,,,
2401519,2023,11,"0,3",0,"7,5",0,0,"0,2",,,,,
2401519,2023,12,0,0,"9,2",0,0,"0,3",,,,,
2401519,2023,13,0,0,"8,5",0,"4,5",0,,,,,
2401519,2023,14,"2,7",0,1,0,0,"2,6",,,,,
2401519,2023,15,1,0,"5,4",0,"0,4","0,2",,,,,
2401519,2023,16,0,"5,6","0,7",32,0,"1,7",,,,,
2401519,2023,17,"6,7","0,9","2,4","17,3",0,0,,,,,
2401519,2023,18,0,0,0,"3,3","3,5","0,3",,,,,
2401519,2023,19,"5,3",0,"7,7","0,4",0,,,,,,
2401519,2023,20,0,1,"0,2",0,0,,,,,,
2401519,2023,21,0,"11,1",0,"4,5","0,9",,,,,,
2401519,2023,22,0,0,"9,1","1,7",33,,,,,,
2401519,2023,23,0,"0,2","0,5","3,5",8,,,,,,
2401519,2023,24,0,0,"0,8","3,1","15,8",,,,,,
2401519,2023,25,0,0,0,1,"16,5",,,,,,
2401519,2023,26,0,0,0,"2,7",1,,,,,,
2401519,2023,27,0,0,0,"6,8","4,3",,,,,,
2401519,2023,28,0,0,19,1,0,,,,,,
2401519,2023,29,0,,0,"1,5","2,5",,,,,,
2401519,2023,30,0,,0,"1,6",0,,,,,,
2401519,2023,31,0,,0,,"0,6",,,,,,